Country Name,Country Code,Time,Time Code,Access to Clean Fuels and Technologies for cooking (% of total population) [2.1_ACCESS.CFT.TOT],Access to electricity (% of rural population with access) [1.2_ACCESS.ELECTRICITY.RURAL],Access to electricity (% of total population) [1.1_ACCESS.ELECTRICITY.TOT],Access to electricity (% of urban population with access) [1.3_ACCESS.ELECTRICITY.URBAN],Energy intensity level of primary energy (MJ/2011 USD PPP) [6.1_PRIMARY.ENERGY.INTENSITY],Renewable electricity output (GWh) [4.1.2_REN.ELECTRICITY.OUTPUT],Renewable electricity share of total electricity output (%) [4.1_SHARE.RE.IN.ELECTRICITY],Renewable energy consumption (TJ) [3.1_RE.CONSUMPTION],Renewable energy share of TFEC (%) [2.1_SHARE.TOTAL.RE.IN.TFEC],Total electricity output (GWh) [4.1.1_TOTAL.ELECTRICITY.OUTPUT],Total final energy consumption (TFEC) (TJ) [1.1_TOTAL.FINAL.ENERGY.CONSUM]
Afghanistan,AFG,1990,YR1990,..,..,0.00999999977648258,52.0369758605957,1.88411277331996,764,67.7304964539007,6312.392,15.9245316828932,1128,39639.42002
Afghanistan,AFG,1991,YR1991,..,..,0.00999999977648258,53.8098373413086,1.99591306318908,690,67.9802955665025,6361.651,17.0364435282942,1015,37341.426275
Afghanistan,AFG,1992,YR1992,..,..,0.00999999977648258,55.5825233459473,1.33250174740999,478,67.9943100995733,6546.363,26.5216286544368,703,24683.11085
Afghanistan,AFG,1993,YR1993,..,..,0.00999999977648258,57.3541793823242,1.76063654184963,475,68.3453237410072,7849.649,30.5856670489932,695,25664.468875
Afghanistan,AFG,1994,YR1994,..,..,0.00999999977648258,59.1237754821777,2.24561299646338,472,68.7045123726346,8305.308,32.7962505504008,687,25323.95582
Afghanistan,AFG,1995,YR1995,..,..,0.00999999977648258,60.8902778625488,1.48569193557955,466,69.037037037037,8771.985,35.0756402917937,675,25008.76656
Afghanistan,AFG,1996,YR1996,..,..,0.00999999977648258,62.652660369873,1.54847691566463,475,70.3703703703704,9304.887,37.9457475001443,675,24521.554095
Afghanistan,AFG,1997,YR1997,..,..,0.00999999977648258,64.4098892211914,1.59923664309762,485,72.3880597014925,9861.213,41.4326008731029,670,23800.613025
Afghanistan,AFG,1998,YR1998,..,..,0.0219771377742291,66.1609344482422,1.64897788583862,495,74.4360902255639,10254.29,44.0943368543633,665,23255.344635
Afghanistan,AFG,1999,YR1999,..,..,0.179634585976601,67.9047622680664,1.57068110175532,505,73.7226277372263,10765.99,52.1857743728053,685,20630.12407
Afghanistan,AFG,2000,YR2000,8.8,..,0.959755897521973,69.640983581543,1.68617312382687,515.7,74.9890940817217,11301.39,54.2431263698384,687.7,20834.695115
Afghanistan,AFG,2001,YR2001,9.51,..,0.77653694152832,71.3717803955078,1.8273988865553,503.2,72.8114599913182,11510.28,54.0550550388989,691.1,21293.62368
Afghanistan,AFG,2002,YR2002,10.39,..,6.26739358901977,73.099967956543,1.36028256182598,571,79.0639711991138,11997.1,43.7711485658802,722.2,27408.69361
Afghanistan,AFG,2003,YR2003,11.46,..,11.7519664764404,74.8283538818359,1.32502825287787,647,70.2497285559175,12635.1,42.2761408803626,976,29887.07043
Afghanistan,AFG,2004,YR2004,12.43,..,17.2363185882568,76.5597610473633,1.14399635836639,565,70.8908406524467,12869.72,49.8431476956196,780,25820.43991
Afghanistan,AFG,2005,YR2005,13.49,13,23,74,1.26764724208131,671,74.0618101545254,13245.71,40.8591712168299,906,32417.960535
Afghanistan,AFG,2006,YR2006,14.81,12.5438634739485,28.2286128997803,80.0428924560547,1.40862313227307,646,70.7557502738226,14324.37,37.1372494911803,913,38571.43487
Afghanistan,AFG,2007,YR2007,15.99,18.9162228544509,33.7486801147461,81.8002548217774,1.46093757483826,684,72,15270.5,33.8625788265031,950,45095.50226
Afghanistan,AFG,2008,YR2008,17.44,32.5,42.4,89.9,2.14758991176544,541,68.6548223350254,15312.85,21.3437080759002,788,71744.09407
Afghanistan,AFG,2009,YR2009,18.84,31.8451566296939,44.8548851013184,85.3545074462891,2.61706039799516,775,87.1766029246344,16854.19,17.8138547564602,889,94612.818115
Afghanistan,AFG,2010,YR2010,20.68,32.4,42.7,82.8,2.93993655831435,767,85.9865470852018,19578.7,14.8398059645804,892,131933.665755
Afghanistan,AFG,2011,YR2011,22.33,33.3801103938629,43.2220189082037,86.5677791512155,3.7559233122206,829,82.4875621890547,20435.21,11.4827062291243,1005,177965.10328
Afghanistan,AFG,2012,YR2012,24.08,63.8,69.1,95,2.98475717572819,878,85.9099804305284,22561.36,13.9735856888609,1022,161457.19862
Afghanistan,AFG,2013,YR2013,26.17,58.4236674312945,67.2595520019531,92.5772933959961,2.75118171303033,803.9,78.6364080993837,22073.09,16.3342925084743,1022.3,135133.431635
Afghanistan,AFG,2014,YR2014,27.99,87.8,89.5,98.7,2.63753256874586,895.3,85.3235490326885,24448.73,19.3142686133983,1049.3,126583.77332
Afghanistan,AFG,2015,YR2015,30.1,64.2,71.5,92.5,2.45770500221765,889.5,86.0501112508465,25134.53,18.4234771693218,1033.7,136426.63526
Afghanistan,AFG,2016,YR2016,32.44,78.9610743548116,84.1371383666992,98.0384140014648,..,..,..,..,..,..,..
Albania,ALB,1990,YR1990,..,100,100,100,7.91224319575929,2848,86.4077669902913,20429.18,25.5180876255371,3296,80057.644992
Albania,ALB,1991,YR1991,..,100,100,100,7.86689333061773,3518,92.1424829753798,19426.18,32.9981742379589,3818,58870.469196
Albania,ALB,1992,YR1992,..,100,100,100,6.15327482195976,3226,95.0500883912787,20011.42,46.8133288085849,3394,42747.269868
Albania,ALB,1993,YR1993,..,100,100,100,5.50133730915865,3314,93.9076225559649,20083.32,51.152042295146,3529,39262.010076
Albania,ALB,1994,YR1994,..,100,100,100,5.40208455962668,3771,95.686374016747,20176.84,51.4595442246242,3941,39209.130792
Albania,ALB,1995,YR1995,..,100,100,100,4.47854695486581,4204,93.9861390565616,20067.28,50.6097095765374,4473,39651.047532
Albania,ALB,1996,YR1996,..,100,100,100,4.38099071821597,5726,95.7204948177867,22131.96,51.63636055808,5982,42861.192696
Albania,ALB,1997,YR1997,..,100,100,100,4.19322072957328,5028,96.1744452945677,19324.63,55.953349416169,5228,34537.038804
Albania,ALB,1998,YR1998,..,100,100,100,4.24086414788511,4921,96.3202192209826,19245.59,49.9833654433978,5109,38503.989936
Albania,ALB,1999,YR1999,..,100,100,100,5.01370938014992,5284,97.3291582243507,26143.27,42.7183134087746,5429,61199.209224
Albania,ALB,2000,YR2000,39.8,100,100,100,4.70543745478217,4594,96.1490163248221,25572.2,41.4454155743781,4778,61700.913468
Albania,ALB,2001,YR2001,42.7,100,100,100,4.44333927069421,3555,95.3083109919571,24717,39.1256637546099,3730,63173.36916
Albania,ALB,2002,YR2002,45.23,100,100,100,4.69696080798613,3512,93.9539860888176,25840.23,35.8962940284486,3738,71985.787668
Albania,ALB,2003,YR2003,47.62,100,100,100,4.34437721419277,4885,97.8565705128205,23778.51,33.7527288306467,4992,70449.148332
Albania,ALB,2004,YR2004,50.53,100,100,100,4.51718737428514,5466,97.5026757046022,28505.72,35.935868087458,5606,79323.866424
Albania,ALB,2005,YR2005,53.25,100,100,100,4.27571653292244,5373,98.713944515892,28076.17,36.8694891867287,5443,76150.14642
Albania,ALB,2006,YR2006,55.57,100,100,100,3.95869306438034,5431,98.3164373642288,22033.78,31.7101954257698,5524,69484.844556
Albania,ALB,2007,YR2007,58.14,100,100,100,3.56830033075486,2788,97.4825174825175,22144.92,32.1009372127814,2860,68985.27558
Albania,ALB,2008,YR2008,60.75,100,100,100,3.44266337837328,3797,100,25902.98,35.9129061124767,3797,72127.217772
Albania,ALB,2009,YR2009,63.24,100,100,100,3.40910494349766,5201,99.9807766243752,28426.24,37.2166378004051,5202,76380.462288
Albania,ALB,2010,YR2010,65.23,100,100,100,3.25674823642822,7567,99.9867864693446,29286.06,37.1153297675702,7568,78905.563236
Albania,ALB,2011,YR2011,67.81,100,100,100,3.32280096667451,4132,98.5922214268671,29278.34,35.9625316031337,4191,81413.456436
Albania,ALB,2012,YR2012,69.96,100,100,100,2.94132361651685,4725,100,29877.97,40.048299596384,4725,74604.840408
Albania,ALB,2013,YR2013,71.78,100,100,100,3.38252848875172,6959,100,33755.15,41.2889737241069,6959,81753.424596
Albania,ALB,2014,YR2014,73.98,100,100,100,3.15887895342285,4724,100,33160.59,38.6895007576277,4724,85709.531916
Albania,ALB,2015,YR2015,75.37,100,100,100,2.88661148238797,5895,100,31555.45,38.6152104692153,5895,81717.669324
Albania,ALB,2016,YR2016,77.42,100,100,100,..,..,..,..,..,..,..
Algeria,DZA,1990,YR1990,..,96.3923147500308,98.2713775634766,100,3.50093477590024,135,0.838301043219076,811.7773,0.177228302572834,16104,458040.441744
Algeria,DZA,1991,YR1991,..,96.5578932445723,98.3777694702148,100,3.7481613573049,293,1.68924762179302,1618.042,0.323692176020233,17345,499870.593072
Algeria,DZA,1992,YR1992,..,96.728001617667,98.4836578369141,100,3.76885485095906,199,1.08826424587116,1475.022,0.289771220945935,18286,509029.846092
Algeria,DZA,1993,YR1993,..,96.8975201056089,98.5864791870117,100,3.86342433397712,353,1.81827547130936,2476.945,0.476341507213619,19414,519993.526176
Algeria,DZA,1994,YR1994,..,97.0594436083998,98.6831893920898,100,3.7577391174699,166,0.834884071820148,2003.401,0.403959587292277,19883,495940.946328
Algeria,DZA,1995,YR1995,..,97.2063581621525,98.7707138061524,100,3.77719005971803,193,0.9789500380421,2093.974,0.422480314895262,19715,495638.240688
Algeria,DZA,1996,YR1996,..,97.3311713444172,98.8460083007812,99.9993591308594,3.51326617857192,135,0.653626416190568,1936.54,0.389526170918537,20654,497152.731852
Algeria,DZA,1997,YR1997,..,97.4304875392347,98.906005859375,99.9946441650391,3.56095123815134,75,0.348885891054566,2300.51,0.472147668762875,21497,487243.748556
Algeria,DZA,1998,YR1998,..,97.5051257285228,98.9476470947266,99.9788818359375,3.50647472242145,215,0.924254148396527,2781.625,0.54407094201214,23262,511261.45236
Algeria,DZA,1999,YR1999,..,97.552905836727,98.9678802490234,99.9463806152344,3.62703861442294,203,0.81997010946399,2758.481,0.51001768957487,24757,540859.867488
Algeria,DZA,2000,YR2000,86.47,97.5702469125122,98.9651565551758,99.8982391357422,3.5494405907365,54,0.212498032425626,2383.824,0.427372239562088,25412,557786.346264
Algeria,DZA,2001,YR2001,87.68,97.5585031816448,98.9440231323242,99.8406219482422,3.45307626900735,69,0.259154929577465,2425.061,0.427684983581889,26625,567020.375532
Algeria,DZA,2002,YR2002,88.87,97.5226235184341,98.9105377197266,99.7793579101563,3.49774760070769,57,0.206163194444444,3172.382,0.514766169298285,27648,616276.319076
Algeria,DZA,2003,YR2003,89.4,97.4713362447445,98.8707733154297,99.7182006835938,3.46757878471906,265,0.896148253356329,3193.977,0.469092389566764,29571,680884.42086
Algeria,DZA,2004,YR2004,90.3,97.4150873109544,98.8307876586914,99.6600570678711,3.36592992434257,251,0.8032,3144.298,0.441740736446853,31250,711797.156244
Algeria,DZA,2005,YR2005,90.97,97.3652867699029,98.7966461181641,99.6077423095703,3.3098222351193,555,1.63644405130473,4559.053,0.584727486990107,33915,779688.50472
Algeria,DZA,2006,YR2006,91.09,97.3340223653173,98.7744140625,99.5639724731445,3.48497718516287,218,0.618861068528928,3287.996,0.40872736909712,35226,804447.230256
Algeria,DZA,2007,YR2007,91.56,97.3348300696472,98.7701416015625,99.5312423706055,3.57654770530432,226,0.607592214216582,3600.779,0.411409249680193,37196,875230.44336
Algeria,DZA,2008,YR2008,92.06,97.9106348685192,99.3,100,3.53394809876618,283,0.703350233621632,2707.185,0.298765661995095,40236,906123.207708
Algeria,DZA,2009,YR2009,92.42,97.4621338816812,98.8276748657227,99.5056838989258,3.8040116688551,306,0.794784551050622,3044.288,0.311808048810447,38501,976334.001516
Algeria,DZA,2010,YR2010,92.41,97.5942707575627,98.8849716186523,99.5056838989258,3.61086794276635,174,0.380460926225565,2627.102,0.258071761617743,45734,1017973.444104
Algeria,DZA,2011,YR2011,92.49,97.7663568724386,98.9572982788086,99.5123748779297,3.66062463761199,502,0.980009370607528,1939.493,0.177339472170288,51224,1093661.200332
Algeria,DZA,2012,YR2012,92.47,97.8587842072279,98.7646604654583,99.2567375886525,3.89139397319131,622,1.08368033172465,2242.983,0.188181413152951,57397,1191925.898748
Algeria,DZA,2013,YR2013,92.83,98.1866565097851,99.1349868774414,99.5509643554688,3.91835131090751,330,0.55101018533979,1774.082,0.140451784823769,59890,1263125.279772
Algeria,DZA,2014,YR2014,93.1,98.4296234301151,99.2343444824219,99.5771102905273,4.1023561853248,254,0.395379969490365,902.2791,0.0686404751413344,64242,1314500.07906
Algeria,DZA,2015,YR2015,92.7,98.687682525808,99.3367080688477,99.6053314208984,4.13270236532592,222,0.322683798947644,833.6698,0.0589586840918149,68798,1413989.835156
Algeria,DZA,2016,YR2016,92.62,98.9553723612358,99.439567565918,99.6344299316406,..,..,..,..,..,..,..
American Samoa,ASM,1990,YR1990,..,..,..,..,..,0,0,0,0,100,306
American Samoa,ASM,1991,YR1991,..,..,..,..,..,0,0,0,0,108,331.2
American Samoa,ASM,1992,YR1992,..,..,..,..,..,0,0,0,0,108,313.2
American Samoa,ASM,1993,YR1993,..,..,..,..,..,0,0,0,0,122,342
American Samoa,ASM,1994,YR1994,..,..,..,..,..,0,0,0,0,130,370.8
American Samoa,ASM,1995,YR1995,..,..,..,..,..,0,0,0,0,137,417.6
American Samoa,ASM,1996,YR1996,..,..,..,..,..,0,0,0,0,143,432
American Samoa,ASM,1997,YR1997,..,..,..,..,..,0,0,0,0,150,457.2
American Samoa,ASM,1998,YR1998,..,..,..,..,..,0,0,0,0,156,482.4
American Samoa,ASM,1999,YR1999,..,..,..,..,..,0,0,0,0,162,500.4
American Samoa,ASM,2000,YR2000,..,..,..,..,..,0,0,0,0,169,525.6
American Samoa,ASM,2001,YR2001,..,..,..,..,..,0,0,0,0,171,532.8
American Samoa,ASM,2002,YR2002,..,..,..,..,..,0,0,0,0,178.6,561.96
American Samoa,ASM,2003,YR2003,..,..,..,..,..,0,0,0,0,188.3,595.44
American Samoa,ASM,2004,YR2004,..,..,..,..,..,0,0,0,0,188.1,598.68
American Samoa,ASM,2005,YR2005,..,..,..,..,..,0,0,0,0,189,602.28
American Samoa,ASM,2006,YR2006,..,..,..,..,..,0,0,0,0,188.7,603.36
American Samoa,ASM,2007,YR2007,..,..,..,..,..,0,0,0,0,185.2,582.12
American Samoa,ASM,2008,YR2008,..,..,..,..,..,0,0,0,0,188.4,599.76
American Samoa,ASM,2009,YR2009,..,..,..,..,..,0,0,0,0,178.3,569.88
American Samoa,ASM,2010,YR2010,..,..,..,..,..,0,0,0,0,159.1,510.48
American Samoa,ASM,2011,YR2011,..,..,..,..,..,0,0,0,0,155,490.68
American Samoa,ASM,2012,YR2012,..,..,..,..,..,1.1,0.70242656449553,3.396092,0.702426574005129,156.6,483.48
American Samoa,ASM,2013,YR2013,..,..,..,..,..,1.1,0.703140481075933,3.430198,0.70314054045633,156.441,487.8396
American Samoa,ASM,2014,YR2014,..,..,..,..,..,1.1,0.700882474752302,3.40046,0.700882415260351,156.945,485.1684
American Samoa,ASM,2015,YR2015,..,..,..,..,..,1.5,0.885478158205431,4.968064,0.885478201974834,169.4,561.06
American Samoa,ASM,2016,YR2016,..,..,..,..,..,..,..,..,..,..,..
Andorra,AND,1990,YR1990,..,100,100,100,..,120,100,952.145,14.2735502072872,120,6670.695
Andorra,AND,1991,YR1991,..,100,100,100,..,120,100,952.145,14.2735502072872,120,6670.695
Andorra,AND,1992,YR1992,..,100,100,100,..,120,100,954.8855,14.308754463874,120,6673.4355
Andorra,AND,1993,YR1993,..,100,100,100,..,120,100,935.0695,13.9189545867614,120,6717.957833481
Andorra,AND,1994,YR1994,..,100,100,100,..,120,100,972.849,14.56102441664,120,6681.185143047
Andorra,AND,1995,YR1995,..,100,100,100,..,124,100,1018.209,14.4810480827273,124,7031.3211736
Andorra,AND,1996,YR1996,..,100,100,100,..,110,100,1053.129,14.1000476048869,110,7468.974783
Andorra,AND,1997,YR1997,..,100,100,100,..,100,100,1086.969,14.1940024550855,100,7657.9456953
Andorra,AND,1998,YR1998,..,100,100,100,..,90,100,1172.289,14.4586417232136,90,8107.877783
Andorra,AND,1999,YR1999,..,100,100,100,..,80,100,1237.454,14.5498905446165,80,8504.90246785988
Andorra,AND,2000,YR2000,100,100,100,100,..,80,100,1299.374,14.8906640378678,80,8726.09842445988
Andorra,AND,2001,YR2001,100,100,100,100,..,80,100,1384.334,15.7738680903706,80,8776.12258495486
Andorra,AND,2002,YR2002,100,100,100,100,..,80,100,1453.809,16.2218188829498,80,8962.05912844985
Andorra,AND,2003,YR2003,100,100,100,100,..,80,100,1536.969,16.9123075876121,80,9087.87279345486
Andorra,AND,2004,YR2004,100,100,100,100,..,93,98.936170212766,1622.726,16.8744281157969,94,9616.47997113982
Andorra,AND,2005,YR2005,100,100,100,100,..,84,98.8235294117647,1661.105,16.9024368485536,85,9827.60660420481
Andorra,AND,2006,YR2006,100,100,100,100,..,70,94.5945945945946,1653.998,17.4859942897689,74,9458.98741924995
Andorra,AND,2007,YR2007,100,100,100,100,..,57,75,1592.454,16.9407765392179,76,9400.12399262497
Andorra,AND,2008,YR2008,100,100,100,100,..,63,80.0508259212198,1639.672,17.4227405802947,78.7,9411.10264738997
Andorra,AND,2009,YR2009,100,100,100,100,..,62,76.5432098765432,1588.375,17.5159481688922,81,9068.16453602498
Andorra,AND,2010,YR2010,100,100,100,100,..,100,88.7311446317657,1742.786,19.090729970947,112.7,9128.96469989488
Andorra,AND,2011,YR2011,100,100,100,100,..,78.9,86.5131578947369,1644.003,18.9715458373925,91.2,8665.6249
Andorra,AND,2012,YR2012,100,100,100,100,..,76.2,86.6894197952219,1663.126,19.1955286928342,87.9,8664.1322915
Andorra,AND,2013,YR2013,100,100,100,100,..,101.8,88.7532693984307,1660.739,19.5636980308198,114.7,8488.8807698
Andorra,AND,2014,YR2014,100,100,100,100,..,113.4,89.4321766561514,1640.716,19.8863229427674,126.8,8250.474483
Andorra,AND,2015,YR2015,100,100,100,100,..,85.6,86.1167002012072,1642.52,19.7478086257358,99.4,8317.479833481
Andorra,AND,2016,YR2016,100,100,100,100,..,..,..,..,..,..,..
Angola,AGO,1990,YR1990,..,7.51861506595799,11.3978080749512,22.6823749542236,4.60529971830761,725,86.2068965517241,135443.7,72.2552519216681,841,187451.702676
Angola,AGO,1991,YR1991,..,8.33074308460721,12.5793790817261,24.5339241027832,4.77285795797546,772,82.6552462526767,138583,71.8886392044557,934,192774.548988
Angola,AGO,1992,YR1992,..,9.12124109512749,13.7604398727417,26.3853015899658,5.1551804048927,840,88.70116156283,141949.7,72.7232825172167,947,195191.54676
Angola,AGO,1993,YR1993,..,9.88708094545771,14.9384412765503,28.2356472015381,7.0903466049636,890,93.6842105263158,145325,71.2770563190797,950,203887.488492
Angola,AGO,1994,YR1994,..,10.6220830397009,16.1103248596191,30.0839328765869,6.94423140874873,895,93.717277486911,148133.8,72.2202689083442,955,205113.885948
Angola,AGO,1995,YR1995,..,11.3215701039856,17.2730312347412,31.9291248321533,6.28504108457549,900,93.75,151321.8,73.9458883392515,960,204638.558544
Angola,AGO,1996,YR1996,..,11.9802014296401,18.4235019683838,33.7701950073242,5.81600177057866,925,89.9805447470817,154657.1,73.1396004507038,1028,211454.668944
Angola,AGO,1997,YR1997,..,12.5930949917522,19.5586757659912,35.6061134338379,5.50756315209878,875,76.3525305410122,158067.2,73.7344159506134,1146,214373.705904
Angola,AGO,1998,YR1998,..,13.1542796898304,20.6754951477051,37.4358444213867,5.14365372753651,1060,80.4248861911988,161509.5,76.8197936265394,1318,210244.641876
Angola,AGO,1999,YR1999,..,13.6574621345221,21.7709007263184,39.2583656311035,5.23314828658247,894,66.9662921348315,164214.4,73.4107838285377,1335,223692.476004
Angola,AGO,2000,YR2000,37.27,14.0983540874914,22.843355178833,41.0732803344727,5.21828089060902,912,63.1141868512111,167766.4,74.6181714427266,1445,224833.169664
Angola,AGO,2001,YR2001,37.96,4,20,30,5.22724830275015,1017,62.0879120879121,171936.8,73.7578589617145,1638,233109.803376
Angola,AGO,2002,YR2002,38.49,14.8121064772126,24.939094543457,44.6896362304688,5.87651279748667,1143,64.7592067988669,176422.6,72.1251264392252,1765,244606.295628
Angola,AGO,2003,YR2003,39.24,15.0955899841969,25.9745082855225,46.496711730957,6.02511969108891,1241,62.2055137844612,180994.4,67.3061167192922,1995,268912.260612
Angola,AGO,2004,YR2004,39.94,15.3365969478943,27.0097007751465,48.3068084716797,5.59072840597349,1750,78.405017921147,185921.1,65.493064622132,2232,283879.06578
Angola,AGO,2005,YR2005,40.75,15.5439242054648,28.0507354736328,50.1227378845215,4.56853458941781,2219,79.6482412060302,191551,70.9542023585248,2786,269964.277848
Angola,AGO,2006,YR2006,41.39,15.720918235334,29.1036758422852,51.947322845459,4.15163362371784,2665,80.6110102843315,198055.3,65.022564178086,3306,304594.72416
Angola,AGO,2007,YR2007,41.91,8.8,37.5,66.1,3.61227313482103,2497,77.6188995958968,201571.8,61.5997035024139,3217,327228.523092
Angola,AGO,2008,YR2008,42.58,16.0093751034264,31.2680130004883,55.6329383850098,3.43536775588835,3134,75.4090471607315,207937.7,58.1079750373659,4156,357847.093908
Angola,AGO,2009,YR2009,43.32,16.1241287971656,32.3824691772461,57.4950065612793,3.64542773993288,3094,65.3431890179514,211971.1,55.7489765055489,4735,380224.200132
Angola,AGO,2010,YR2010,44.1,16.209957525451,33.514949798584,59.3677825927734,3.69791414414492,3703,67.9574233804368,218134.7,54.1938366242148,5449,402508.317528
Angola,AGO,2011,YR2011,44.8,5.5,34.6,82.5,3.69596755483713,4007,70.9078039285082,223293.9,52.7156787625416,5651,423581.570496
Angola,AGO,2012,YR2012,45.36,16.284298196036,35.821964263916,63.1383361816406,3.85707799126981,3772,60.7994842037395,226763.8,52.245736309469,6204,434033.121204
Angola,AGO,2013,YR2013,46.15,16.2722367518154,36.9904899597168,65.0325393676758,3.615593682837,4767,58.0209347614411,234067.9,50.6861160063949,8216,461798.848368
Angola,AGO,2014,YR2014,46.67,3,32,51,3.64620058216181,5041,53.1751054852321,239123.1,50.7974606805424,9480,470738.294388
Angola,AGO,2015,YR2015,47.36,7,42,64,3.60595906776897,5192,53.1749283080705,243771.1,49.5682103295777,9764,491789.189844
Angola,AGO,2016,YR2016,48.05,15.9842091217441,40.5206069946289,70.729736328125,..,..,..,..,..,..,..
Anguilla,AIA,1990,YR1990,..,..,89.1986618041992,89.1986618041992,..,0,0,1.827,0.296881525259304,16.7,615.397
Anguilla,AIA,1991,YR1991,..,..,89.8979263305664,89.8979263305664,..,0,0,1.827,0.294029132541638,14.5,621.367
Anguilla,AIA,1992,YR1992,..,..,90.4,90.4,..,0,0,1.827,0.270764141757699,19.5,674.757
Anguilla,AIA,1993,YR1993,..,..,91.2923889160156,91.2923889160156,..,0,0,1.827,0.24760559829888,27.2,737.867
Anguilla,AIA,1994,YR1994,..,..,91.9819717407226,91.9819717407226,..,0,0,1.827,0.237712031455534,25.9,768.577
Anguilla,AIA,1995,YR1995,..,..,92.6623764038086,92.6623764038086,..,0,0,1.827,0.231076573995728,22.2,790.647
Anguilla,AIA,1996,YR1996,..,..,93.3305435180664,93.3305435180664,..,0,0,1.827,0.224674332894315,24.6,813.177
Anguilla,AIA,1997,YR1997,..,..,93.9834136962891,93.9834136962891,..,0,0,1.827,0.217586257409187,32,839.667
Anguilla,AIA,1998,YR1998,..,..,94.6179275512695,94.6179275512695,..,0,0,1.827,0.213069424246064,34.3,857.467
Anguilla,AIA,1999,YR1999,..,..,95.2310333251953,95.2310333251953,..,0,0,1.827,0.199274236033625,40,916.827
Anguilla,AIA,2000,YR2000,..,..,95.8211898803711,95.8211898803711,..,0,0,1.827,0.192075795821432,45.8,951.187
Anguilla,AIA,2001,YR2001,..,..,96.7,96.7,..,0,0,1.827,0.176674173949117,53.6,1034.107
Anguilla,AIA,2002,YR2002,..,..,96.9523239135742,96.9523239135742,..,0,0,1.827,0.186510978830442,55.3,979.567
Anguilla,AIA,2003,YR2003,..,..,97.5054321289063,97.5054321289063,..,0,0,1.827,0.168877854262202,58.4,1081.847
Anguilla,AIA,2004,YR2004,..,..,98.0626983642578,98.0626983642578,..,0,0,1.827,0.141637020056329,62.1,1289.917
Anguilla,AIA,2005,YR2005,..,..,98.6199035644531,98.6199035644531,..,0,0,1.827,0.140116280407419,72,1303.917
Anguilla,AIA,2006,YR2006,..,..,99.1485900878906,99.1485900878906,..,0,0,1.827,0.116555246995688,79.5,1567.497
Anguilla,AIA,2007,YR2007,..,..,99.5797271728516,99.5797271728516,..,0,0,1.827,0.116958165850136,89,1562.097
Anguilla,AIA,2008,YR2008,..,..,99.8498077392578,99.8498077392578,..,0,0,1.827,0.115611911000976,89.5,1580.287
Anguilla,AIA,2009,YR2009,..,..,99.9663391113281,99.9663391113281,..,0,0,1.827,0.117811909771682,91.2,1550.777
Anguilla,AIA,2010,YR2010,..,..,99.9965057373047,99.9965057373047,..,0,0,1.827,0.116685518158425,98.6,1565.747
Anguilla,AIA,2011,YR2011,..,..,100,100,..,0,0,1.827,0.125466378512904,95.2,1456.167
Anguilla,AIA,2012,YR2012,..,..,100,100,..,0,0,1.827,0.125590574726392,89.5,1454.727
Anguilla,AIA,2013,YR2013,..,..,100,100,..,0,0,1.827,0.144908339724793,88.6,1260.797
Anguilla,AIA,2014,YR2014,..,..,100,100,..,0,0,1.827,0.128141554686004,89.5,1425.767
Anguilla,AIA,2015,YR2015,..,..,100,100,..,0,0,1.827,0.11285043395223,94.3,1618.957
Anguilla,AIA,2016,YR2016,..,..,100,100,..,..,..,..,..,..,..
Antigua and Barbuda,ATG,1990,YR1990,..,76.9614774630109,85.1231994628906,100,3.95388221620407,0,0,0,0,95,2551.9
Antigua and Barbuda,ATG,1991,YR1991,..,77.7721341713595,85.6551055908203,100,3.71041823574393,0,0,0,0,95,2597.5
Antigua and Barbuda,ATG,1992,YR1992,..,78.7204501021651,86.1865005493164,100,3.63986077257545,0,0,0,0,95,2597.5
Antigua and Barbuda,ATG,1993,YR1993,..,79.6522832184242,86.7148361206055,100,3.53063688185436,0,0,0,0,95,2641.8
Antigua and Barbuda,ATG,1994,YR1994,..,80.5638432570078,87.2370529174805,100,3.28467528008195,0,0,0,0,97,2601.5
Antigua and Barbuda,ATG,1995,YR1995,..,81.4503978036644,87.7500915527344,100,3.50668385966296,0,0,0,0,98,2727.2
Antigua and Barbuda,ATG,1996,YR1996,..,82.3083824492664,88.2508926391602,100,3.45693612214209,0,0,0,0,109,2803.9
Antigua and Barbuda,ATG,1997,YR1997,..,83.1329212937875,88.7364044189453,100,3.46155127446793,0,0,0,0,120,2832.7
Antigua and Barbuda,ATG,1998,YR1998,..,83.9207111758213,89.2035522460938,100,3.4307639700806,0,0,0,0,130,2950.4
Antigua and Barbuda,ATG,1999,YR1999,..,84.6678591885579,89.6492919921875,100,3.41540188768735,0,0,0,0,140,3064.2
Antigua and Barbuda,ATG,2000,YR2000,96.66,85.3728110788194,90.0720825195313,100,3.37133214236793,0,0,0,0,150,3136
Antigua and Barbuda,ATG,2001,YR2001,96.97,86.0483822532493,90.4764556884765,99.99951171875,3.51218536138011,0,0,0,0,171,3182.8
Antigua and Barbuda,ATG,2002,YR2002,97.2,86.7486541254122,90.8684844970703,99.9960556030273,3.64021708844071,0,0,0,0,191,3274.3
Antigua and Barbuda,ATG,2003,YR2003,97.4,87.4289376867153,91.2542343139648,99.9852142333984,3.70822557986091,0,0,0,0,211,3544.3
Antigua and Barbuda,ATG,2004,YR2004,97.57,88.0994103076068,91.639762878418,99.9651641845703,3.67515491609099,0,0,0,0,221,3661.5
Antigua and Barbuda,ATG,2005,YR2005,97.7,89.0045173589225,92.2,99.9407653808594,3.53651981506678,0,0,0,0,243,3759.6
Antigua and Barbuda,ATG,2006,YR2006,97.9,89.4345686218653,92.4344024658203,99.9210968017578,3.24917653883713,0,0,0,0,258,3989.8
Antigua and Barbuda,ATG,2007,YR2007,98.03,90.1105123965889,92.8556442260742,99.9136657714844,3.11633481101568,0,0,0,0,285.4,4139.74
Antigua and Barbuda,ATG,2008,YR2008,98.1,90.8022997669207,93.2994079589844,99.9136657714844,3.19045390361605,0,0,0,0,296,4244.17
Antigua and Barbuda,ATG,2009,YR2009,98.24,91.507898327792,93.7641983032227,99.921127319336,3.82872188916886,0,0,0,0,327.4,4605.39
Antigua and Barbuda,ATG,2010,YR2010,98.34,92.2216022036301,94.2470092773438,99.9407043457031,4.18138936186965,5,1.49476831091181,0,0,326,4412.85
Antigua and Barbuda,ATG,2011,YR2011,98.43,92.6829447409294,94.5520140336941,99.9649963378906,4.1842523050426,5,1.49700598802395,0,0,325,4337.15
Antigua and Barbuda,ATG,2012,YR2012,98.48,93.6665174886193,95.2546920776367,99.9850692749023,4.13779727112478,0,0,0,0,327,4492.95
Antigua and Barbuda,ATG,2013,YR2013,98.55,94.3927274297992,95.773551940918,99.9959869384766,4.15217458735459,0,0,0,0,330,4456.95
Antigua and Barbuda,ATG,2014,YR2014,98.61,95.1174398559878,96.2984161376953,99.9994964599609,4.01155114083803,0,0,0,0,336,4528.41
Antigua and Barbuda,ATG,2015,YR2015,98.67,95.8364899944525,96.8262939453125,100,3.89162926503199,0,0,0,0,340,4701.1
Antigua and Barbuda,ATG,2016,YR2016,98.75,96.5468913480825,97.3546676635742,100,..,..,..,..,..,..,..
Argentina,ARG,1990,YR1990,..,90.6408233642578,90.6408233642578,90.6408233642578,5.4390966150615,17983,35.4414662987781,105714.2,8.92290746696394,50740,1184750.602776
Argentina,ARG,1991,YR1991,..,91.1236724853516,91.1236724853516,91.1236724853516,4.97639131756251,16321,30.4365663987468,106435.7,8.7481843073882,53623,1216660.466448
Argentina,ARG,1992,YR1992,..,91.6060180664062,91.6060180664063,91.6060180664063,4.67515678215628,19486,34.8705284443729,120302.7,9.47164961562942,55881,1270134.610992
Argentina,ARG,1993,YR1993,..,92.0853042602539,92.0853042602539,92.0853042602539,4.42726697484486,23974,38.9340002598415,137451.3,10.1283424369342,61576,1357095.703032
Argentina,ARG,1994,YR1994,..,92.5584716796875,92.5584716796875,92.5584716796875,4.44994520448956,27481,42.6015781233044,162457.7,10.7349093475441,64507,1513358.84394
Argentina,ARG,1995,YR1995,..,93.0224609375001,93.0224609375,93.0224609375,4.64626030192915,26949,40.2133850630456,173807.4,11.2051846343744,67015,1551133.744524
Argentina,ARG,1996,YR1996,..,93.4742126464844,93.4742126464844,93.4742126464844,4.56540438200189,23275,33.3998220589501,164464,10.1938555855904,69686,1613364.036984
Argentina,ARG,1997,YR1997,..,93.9106750488283,93.9106750488281,93.9106750488281,4.35809556241409,28476,39.3869816592437,188499.1,10.9990733955932,72298,1713772.544472
Argentina,ARG,1998,YR1998,..,94.3287734985351,94.3287734985352,94.3287734985352,4.34004774245514,26933,36.3900448575907,202663.7,11.343009140403,74012,1786683.740544
Argentina,ARG,1999,YR1999,..,94.7254638671876,94.7254638671875,94.7254638671875,4.56906827299307,21963,27.2944188300794,184367,10.3061733856805,80467,1788898.683348
Argentina,ARG,2000,YR2000,94.8,95.0992050170897,95.0992050170898,95.0992050170898,4.66000419810886,29482,33.159374648521,199198.9,11.0779551321774,88910,1798155.86562
Argentina,ARG,2001,YR2001,95.21,95.5110634674459,95.5110634674458,95.5110634674458,4.63730638645308,37695,41.8298840370637,226780.3,13.0403729383893,90115,1739062.993608
Argentina,ARG,2002,YR2002,95.62,95.7975082397463,95.7975082397461,95.7975082397461,5.05808673345645,36791,43.5638757652185,220577.3,13.2879781249634,84453,1659976.39314
Argentina,ARG,2003,YR2003,96.02,96.1342086791992,96.1342086791992,96.1342086791992,4.97266769429361,34927,37.9517548625448,222456.7,12.5181285653079,92030,1777076.332452
Argentina,ARG,2004,YR2004,96.28,96.4706802368164,96.4706802368164,96.4706802368164,4.98235701768587,31687,31.63480257575,156487.3,8.34804553441832,100165,1874538.1701
Argentina,ARG,2005,YR2005,96.68,96.8129959106447,96.8129959106445,96.8129959106445,4.6031075504488,35366,33.5251348456266,172818.7,8.95760175539457,105491,1929296.531808
Argentina,ARG,2006,YR2006,96.84,97.167221069336,97.1672210693359,97.1672210693359,4.63074898615192,39678,37.127698397103,210394.8,10.1878410784258,106869,2065155.889068
Argentina,ARG,2007,YR2007,97.02,97.5394134521484,97.5394134521484,97.5394134521484,4.30281027914211,32055,29.8422008099427,186410.3,8.88764897855596,107415,2097408.44232
Argentina,ARG,2008,YR2008,97.34,97.9341278076173,97.9341278076172,97.9341278076172,4.35285195831845,32035,26.3437057991513,167685.9,7.60968712045958,121604,2203584.685488
Argentina,ARG,2009,YR2009,97.49,98.36336517334,98.3633651733398,98.3633651733398,4.5033185148229,35268,28.9274026197721,179429.3,8.57406117511144,121919,2092699.087812
Argentina,ARG,2010,YR2010,97.63,98.8199999999998,98.82,98.82,4.2511819557134,35807,28.5854562001549,195456.7,8.96144595214523,125263,2181084.403608
Argentina,ARG,2011,YR2011,97.82,99.2161636352536,99.2161636352539,99.2161636352539,4.10057606014049,41854,32.305970437266,227695.1,10.1168467244514,129555,2250652.85856
Argentina,ARG,2012,YR2012,97.94,99.5844116210937,99.5844116210938,99.5844116210938,4.15885335147252,39686,29.2611353196635,225138,9.86670170197468,135627,2281795.95168
Argentina,ARG,2013,YR2013,98.1,99.8371276855468,99.8371276855469,99.8371276855469,4.17514182389459,43788,31.4844907174391,232691.4,10.2103228997482,139171,2278981.79406
Argentina,ARG,2014,YR2014,98.16,99.959243774414,99.9592437744141,99.9592437744141,4.34415636771924,43620,31.5762041956827,254377,10.9019579336328,141260,2333314.818756
Argentina,ARG,2015,YR2015,98.29,99.9952087402346,99.9952087402344,99.9952087402344,4.34010162122093,40791,28.1400691239471,239470.6,10.040077613914,144957,2385146.90034
Argentina,ARG,2016,YR2016,98.4,100,100,100,..,..,..,..,..,..,..
Armenia,ARM,1990,YR1990,..,95.7897044772339,97.6803741455078,98.5939788818359,24.3721969396273,1555,15.0067554526153,5502.305,2.11894434058036,10362,259671.993012
Armenia,ARM,1991,YR1991,..,96.1863964508619,97.8535919189453,98.669189453125,29.0941859851491,1546,16.2463219840269,5674.111,2.30943580318704,9516,245692.51902
Armenia,ARM,1992,YR1992,..,96.5701119218202,98.0238952636719,98.743896484375,25.4143345328659,3044,33.8071968014216,8205.282,6.6776789414769,9004,122876.257932
Armenia,ARM,1993,YR1993,..,96.9426516305808,98.1913452148438,98.8173980712891,14.7916768290745,4293,68.196981731533,9984.374,12.9368336783239,6295,77177.880216
Armenia,ARM,1994,YR1994,..,97.2961724686057,98.3526000976562,98.8888092041016,8.82377109776747,3514,62.1067515022976,7819.377,17.7636534122784,5658,44018.9685
Armenia,ARM,1995,YR1995,..,97.6240818944306,98.5046539306641,98.9571304321289,9.84732009234641,1919,34.508181981658,4359.308,9.27435270712397,5561,47003.905692
Armenia,ARM,1996,YR1996,..,97.9200233789221,98.6444702148438,99.0213241577149,10.0733707331614,1572,25.2977148374638,3670.75,12.4733043728429,6214,29428.849728
Armenia,ARM,1997,YR1997,..,98.1777983904788,98.7690277099609,99.0803833007812,10.1918125362701,1390,23.0552330403052,4099.74,10.1201143904778,6029,40510.806912
Armenia,ARM,1998,YR1998,..,98.391807277983,98.8755035400391,99.1333770751953,9.67417893514951,1537,24.8263608463899,3778.808,9.38056341350592,6191,40283.379936
Armenia,ARM,1999,YR1999,..,98.5586840586305,98.9620666503906,99.1797790527344,9.05485791456631,1200,20.9900297358755,3298.157,8.35879537917464,5717,39457.324296
Armenia,ARM,2000,YR2000,81.97,98.6,98.9,99.1,9.3951257242567,1261,21.1648204095334,3249.479,7.16426350401004,5958,45356.776704
Armenia,ARM,2001,YR2001,83.79,100,100,99.2553100585937,8.53789431138082,968,16.8494342906876,2486.205,5.41911266070411,5745,45878.451984
Armenia,ARM,2002,YR2002,85.48,95.6815546492402,98,99.2881774902344,7.05669786250389,1658,30.0416742163435,4106.004,8.89936675468388,5519,46138.159188
Armenia,ARM,2003,YR2003,86.88,98.837488026849,99.1483154296875,99.3212661743164,6.53360688599926,1982,36.0298127613161,5263.614,9.81161468294329,5501,53646.766308
Armenia,ARM,2004,YR2004,88.6,98.8608247532795,99.1796951293945,99.3573760986328,6.25343040085187,1998,33.134328358209,5266.899,8.70790013353829,6030,60484.145652
Armenia,ARM,2005,YR2005,89.72,99.7,99.8,99.9,6.58665631394334,1773,28.0671204685769,4552.023,6.4911737973979,6317,70126.346052
Armenia,ARM,2006,YR2006,90.91,98.9364581208359,99.2657318115234,99.4497451782227,5.92589637201904,1825,30.7187342198283,5571.174,7.65283533358519,5941,72798.82236
Armenia,ARM,2007,YR2007,91.67,99.0096673711266,99.3310394287109,99.5108947753906,5.80875854763118,1856,31.4682943370634,5757.101,7.01726248020608,5898,82041.978852
Armenia,ARM,2008,YR2008,92.55,99.1165209563131,99.4156494140625,99.5839309692383,5.72185956521961,1799,31.1785095320624,5823.12,6.4051674924082,5770,90912.845088
Armenia,ARM,2009,YR2009,93.33,99.2575073650796,99.5198135375976,99.6687164306641,5.79058510971917,2023,35.6727208605184,6119.523,7.80055609506316,5671,78449.830056
Armenia,ARM,2010,YR2010,94.04,99.8,99.8,99.7,5.39073412326074,2563,39.4854413803728,6989.174,9.35981700562644,6491,74672.122284
Armenia,ARM,2011,YR2011,94.77,99.6131398901937,99.7671508789062,99.8561706542969,5.63053987808689,2492,33.5397039030956,6574.54,8.00961530742766,7430,82083.093228
Armenia,ARM,2012,YR2012,95.1,99.7873630684024,99.8788757324219,99.9322509765625,5.74563091169636,2326,28.9447486311598,5690.971,6.56571131176592,8036,86677.143264
Armenia,ARM,2013,YR2013,95.69,99.9138800404492,99.9540557861328,99.9776763916016,5.43058112937585,2177,28.2360570687419,5850.064,6.7712176363861,7710,86396.041512
Armenia,ARM,2014,YR2014,96.12,99.9778159455329,99.9889755249023,99.9955825805664,5.34738126773887,1996,25.7548387096774,6381.869,7.72473444046229,7750,82616.031
Armenia,ARM,2015,YR2015,96.62,100,100,100,5.38244293235421,2210,28.3369662777279,13445.59,15.7920038357833,7799,85141.759968
Armenia,ARM,2016,YR2016,96.9,100,100,100,..,..,..,..,..,..,..
Aruba,ABW,1990,YR1990,..,76.7569079282355,88.4453506469727,99.9854125976562,..,0,0,8.26657,0.268747068990415,338,3075.96657
Aruba,ABW,1991,YR1991,..,77.4314673727702,88.7808456420898,99.9933624267578,..,0,0,8.26657,0.234954767660835,339,3518.36657
Aruba,ABW,1992,YR1992,..,78.2344621051053,89.1158294677734,99.9981536865235,..,0,0,8.88775,0.238777584499868,341,3722.18775
Aruba,ABW,1993,YR1993,..,79.0683826025832,89.44775390625,99.9997634887695,..,0,0,8.622835,0.195134319425155,531,4418.922835
Aruba,ABW,1994,YR1994,..,79.8781975588869,89.7735595703125,100,..,0,0,8.26657,0.183240539866902,564,4511.32157
Aruba,ABW,1995,YR1995,..,80.6571779362336,90.0901870727539,100,..,0,0,8.275705,0.173371733273026,616,4773.387705
Aruba,ABW,1996,YR1996,..,81.4007969502741,90.3945846557617,100,..,0,0,8.184355,0.167474284591361,642,4886.932355
Aruba,ABW,1997,YR1997,..,82.1027166849793,90.6836776733398,100,..,0,0,8.15695,0.160095867335473,675,5095.04095
Aruba,ABW,1998,YR1998,..,82.7588139599625,90.9544219970703,99.9996566772461,..,0,0,8.35792,0.15787569080815,730,5293.98792
Aruba,ABW,1999,YR1999,..,83.366145106817,91.2037506103516,99.9971160888672,..,0,0,8.385325,0.160927638084104,737.8,5210.618325
Aruba,ABW,2000,YR2000,..,84.3583628446729,91.6603980031457,99.9886474609375,..,0,0,9.406765,0.175266080777474,776.6,5367.133765
Aruba,ABW,2001,YR2001,..,84.4418212351899,91.6380920410156,99.9714431762695,..,0,0,9.70252,0.180523334514406,808.3,5374.66252
Aruba,ABW,2002,YR2002,..,84.9301543525847,91.8337173461914,99.9469451904297,..,0,0,10.04186,0.181390903251784,824.7,5536.032855
Aruba,ABW,2003,YR2003,..,85.4018916341706,92.0230484008789,99.919921875,..,0,0,10.37415,0.184549671202048,841.8,5621.33215
Aruba,ABW,2004,YR2004,..,85.864615256153,92.2121658325195,99.8953323364258,..,0,0,10.73385,0.187054711226682,865.8,5738.34785
Aruba,ABW,2005,YR2005,..,86.3256417830298,92.4071197509765,99.8776550292969,..,0,0,11.07738,0.186599449708851,910.5,5936.448375
Aruba,ABW,2006,YR2006,..,86.7924716100836,92.6139831542969,99.8713836669922,..,0,0,11.29796,0.189937226776767,909.5,5948.259955
Aruba,ABW,2007,YR2007,..,87.2800943271598,92.8388214111328,99.8713836669922,..,0,0,11.55298,0.190059132428849,936,6078.62398
Aruba,ABW,2008,YR2008,..,87.7954297271775,93.086166381836,99.8795318603516,..,0,0,11.79183,0.193546025766485,913.6,6092.51983
Aruba,ABW,2009,YR2009,..,88.3301448646907,93.3545455932617,99.901481628418,..,0,0,18.51272,0.299773815834368,924.3,6175.562715
Aruba,ABW,2010,YR2010,..,88.3834352048656,93.3562921509542,99.9322814941406,..,106.5,11.3273771537971,340.2333,5.46471590573899,940.2,6226.001605
Aruba,ABW,2011,YR2011,..,89.4559200945327,93.9423751831055,99.9632339477539,..,112.6,12.101020956475,354.7885,5.661788374133,930.5,6266.36809
Aruba,ABW,2012,YR2012,..,90.0442292277689,94.2558135986328,99.9855880737305,..,136.4,14.9152542372881,431.2133,6.85584956908594,914.5,6289.71356
Aruba,ABW,2013,YR2013,..,90.6454606661621,94.5782623291016,99.9964447021484,..,138.4,14.9121861868333,437.8701,6.88975298437996,928.1,6355.381695
Aruba,ABW,2014,YR2014,..,91.2520466977627,94.9067230224609,99.9995880126953,..,138.4,15.0992799476326,444.4195,6.9275015416327,916.6,6415.29269
Aruba,ABW,2015,YR2015,..,91.8562064439229,95.2381820678711,100,3.32454092428131,138.4,14.8561614426793,437.772,6.72674756598399,931.6,6507.92966
Aruba,ABW,2016,YR2016,..,92.4528443723035,95.5701446533203,100,..,..,..,..,..,..,..
Australia,AUS,1990,YR1990,..,100,100,100,7.4168653134115,14898,9.65603064418908,176729.7,8.0095771593438,154287,2206479.773952
Australia,AUS,1991,YR1991,..,100,100,100,7.34142304219967,16590,10.598201052793,181011.2,8.24547226023123,156536,2195279.958348
Australia,AUS,1992,YR1992,..,100,100,100,7.44872603734749,16019,10.066865251436,166746.4,7.51647097195474,159126,2218413.409992
Australia,AUS,1993,YR1993,..,100,100,100,7.50296632351505,17220,10.549143571271,197804.9,8.61699388238724,163236,2295520.951968
Australia,AUS,1994,YR1994,..,100,100,100,7.20673577138333,17042,10.1944738557986,193855.2,8.25994677877061,167169,2346930.376092
Australia,AUS,1995,YR1995,..,100,100,100,7.07634330757528,16631,9.62414281994155,199700.4,8.21780571247124,172805,2430093.956796
Australia,AUS,1996,YR1996,..,100,100,100,7.25302834023005,16362,9.22972782400226,222351.3,8.86597056035989,177275,2507918.3208
Australia,AUS,1997,YR1997,..,100,100,100,7.15554868158647,17507,9.58767572659215,233636.4,9.08024283629251,182599,2573019.29268
Australia,AUS,1998,YR1998,..,100,100,100,7.02963807255926,16448,8.4340500156395,224253.2,8.59507269440585,195019,2609090.207532
Australia,AUS,1999,YR1999,..,100,100,100,6.84048542040689,17398,8.54405358817839,225689,8.50727378721517,203627,2652894.518796
Australia,AUS,2000,YR2000,100,100,100,100,6.70475375527491,17590,8.3816185720276,229780.2,8.42334065854783,209864,2727898.696188
Australia,AUS,2001,YR2001,100,100,100,100,6.43431773695436,18162,8.09845495284596,230343.3,8.37028137206551,224265,2751918.242184
Australia,AUS,2002,YR2002,100,100,100,100,6.41269882766437,17874,7.86091882240146,242362.3,8.73872071261756,227378,2773429.978716
Australia,AUS,2003,YR2003,100,100,100,100,6.29790442843978,18619,8.44069886574851,198086.5,7.15106567010273,221905,2770027.7013
Australia,AUS,2004,YR2004,100,100,100,100,6.14971870884186,18683,8.1866501908305,189019.8,6.68042572078818,229563,2829457.401372
Australia,AUS,2005,YR2005,100,100,100,100,6.00113733695952,20103,8.80370663945662,188970,6.71197454696042,228347,2815415.920872
Australia,AUS,2006,YR2006,100,100,100,100,6.06830979245856,21642,9.2993077726263,194878,6.85326682346818,232727,2843578.179864
Australia,AUS,2007,YR2007,100,100,100,100,6.04909018664491,21013,8.64807246716794,203771,6.95158629028628,242979,2931287.788008
Australia,AUS,2008,YR2008,100,100,100,100,6.04862865419976,19726,8.11525755637195,202271.6,6.78956927368411,243073,2979152.164836
Australia,AUS,2009,YR2009,100,100,100,100,5.96041909961583,18602,7.49793425905399,211507.8,7.11282715112279,248687,2973610.8513
Australia,AUS,2010,YR2010,100,100,100,100,5.86381345357689,21758,8.61187962842023,244814.1,8.10902729265093,252651,3019031.644176
Australia,AUS,2011,YR2011,100,100,100,100,5.75966043446639,26474,10.4266522781963,254904.8,8.25618114983427,253907,3087441.946512
Australia,AUS,2012,YR2012,100,100,100,100,5.48834789173743,26599,10.5926533603071,256741.7,8.247109347095,251108,3113111.384784
Australia,AUS,2013,YR2013,100,100,100,100,5.34612456482868,33110,13.2641083883167,290076.8,9.08848190986827,249621,3191696.950896
Australia,AUS,2014,YR2014,100,100,100,100,5.15097928338264,37008,14.9067122095833,294879.7,9.27819845713441,248264,3178199.963736
Australia,AUS,2015,YR2015,100,100,100,100,5.03115546358054,34405,13.6378410946741,296838.1,9.18050295980786,252276,3233353.350024
Australia,AUS,2016,YR2016,100,100,100,100,..,..,..,..,..,..,..
Austria,AUT,1990,YR1990,..,100,100,100,4.36014723139158,32635,66.2021259331386,191963.7,25.135754145631,49296,763707.740328
Austria,AUT,1991,YR1991,..,100,100,100,4.48739879458856,32649,65.0624738446822,202599.3,24.495798212077,50181,827077.763484
Austria,AUT,1992,YR1992,..,100,100,100,4.22335241660898,36154,72.3963235146879,210211.6,26.1367915752356,49939,804274.692228
Austria,AUT,1993,YR1993,..,100,100,100,4.24931064428913,38049,74.067080648615,215454,26.3578077460666,51371,817420.030056
Austria,AUT,1994,YR1994,..,100,100,100,4.13839119075488,36896,70.8027096006601,204638.3,25.6794546459802,52111,796895.038548
Austria,AUT,1995,YR1995,..,100,100,100,4.21065126305913,38904,70.5063612309254,214483.3,25.6300879484846,55178,836841.841632
Austria,AUT,1996,YR1996,..,100,100,100,4.37001446181663,35790,66.8047933699182,218014.6,24.0368773390085,53574,907000.50978
Austria,AUT,1997,YR1997,..,100,100,100,4.24469509847955,37819,67.9159558229326,220452.9,24.8710509023689,55685,886383.534276
Austria,AUT,1998,YR1998,..,100,100,100,4.16823862936917,39031,69.810409586836,221765.6,24.4093544161425,55910,908527.100796
Austria,AUT,1999,YR1999,..,100,100,100,4.01507657005946,42348,70.6789505307431,242516.1,26.4383107878083,59916,917290.450008
Austria,AUT,2000,YR2000,100,100,100,100,3.87048993881445,43435,72.5440090857467,242410.6,26.3878560380378,59874,918644.544864
Austria,AUT,2001,YR2001,100,100,100,100,4.03536861601601,42232,69.1568277465734,249324.5,25.4836790363306,61067,978369.3306
Austria,AUT,2002,YR2002,100,100,100,100,4.00534217522615,41895,69.0129476493263,242477.6,24.6848696982507,60706,982292.404068
Austria,AUT,2003,YR2003,100,100,100,100,4.20638108585415,35313,60.7828287174897,234549.3,22.5787940830621,58097,1038803.48586
Austria,AUT,2004,YR2004,100,100,100,100,4.15625904302268,39772,64.2022341318525,244256.6,23.2193672987658,61948,1051952.005656
Austria,AUT,2005,YR2005,100,100,100,100,4.1767055310378,41031,63.6267774900368,259451.4,24.1744174208452,64065,1073247.787044
Austria,AUT,2006,YR2006,100,100,100,100,4.05461916275118,40807,65.5155251581415,280593,26.254262515098,62099,1068752.168676
Austria,AUT,2007,YR2007,100,100,100,100,3.86861902978625,43290,68.6870289567632,301383,28.6009320732652,62612,1053752.371524
Austria,AUT,2008,YR2008,100,100,100,100,3.83355761279665,44674,69.2308884377567,312020,29.3561662009359,64540,1062877.209048
Austria,AUT,2009,YR2009,100,100,100,100,3.76353648391696,47177,71.1396947946197,314198.5,30.5143889874151,66315,1029673.247364
Austria,AUT,2010,YR2010,100,100,100,100,3.94779679994556,44980,66.2113227544381,332971.5,30.6592165744001,67933,1086040.470708
Austria,AUT,2011,YR2011,100,100,100,100,3.729968115564,40870,65.6314234326824,323991.8,30.9885937243849,62274,1045519.53174
Austria,AUT,2012,YR2012,100,100,100,100,3.68553604791994,51209,74.5291806141755,349194.5,33.4265374778104,68726,1044662.49378
Austria,AUT,2013,YR2013,100,100,100,100,3.72613854340345,50365,78.0247869868319,373423.7,34.6806004056175,64515,1076750.96634
Austria,AUT,2014,YR2014,100,100,100,100,3.55563811360114,49944,81.0568683458842,363442.2,35.3942733418568,61595,1026838.993104
Austria,AUT,2015,YR2015,100,100,100,100,3.60837670799345,47243,76.4907792691417,362355.8,34.3949917477854,61763,1053513.263376
Austria,AUT,2016,YR2016,100,100,100,100,..,..,..,..,..,..,..
Azerbaijan,AZE,1990,YR1990,..,92.473602667508,95.870231628418,98.7930297851562,15.5677321455385,1658,7.16136834830684,4783.298,0.722062718119182,23152,662449.1031
Azerbaijan,AZE,1991,YR1991,..,93.0527272003868,96.1637268066406,98.8740997314453,15.5323059340829,1758,7.49680170575693,5088.901,0.804646397784736,23450,632439.418608
Azerbaijan,AZE,1992,YR1992,..,93.6248982216512,96.4567184448242,98.9546813964844,16.2615219388104,1747,8.83975104994181,5250.166,1.2172505570543,19763,431313.501528
Azerbaijan,AZE,1993,YR1993,..,94.1853746424425,96.7466430664063,99.0340576171875,18.9497076458965,2426,12.7342396724581,6883.952,1.98306604791652,19051,347136.79896
Azerbaijan,AZE,1994,YR1994,..,94.7291445833362,97.0304565429688,99.111343383789,21.4171500000931,1829,10.4091969722839,5425.843,1.51596100419613,17571,357914.417652
Azerbaijan,AZE,1995,YR1995,..,95.2510634672716,97.3050918579102,99.1855316162109,22.8165607359108,1556,9.12931236798874,4979.55,1.36684006503242,17044,364311.094428
Azerbaijan,AZE,1996,YR1996,..,95.7463073292847,97.5674896240234,99.2555999755859,19.0363181389212,1538,9.0009949084099,4747.703,1.7389026644512,17087,273028.680504
Azerbaijan,AZE,1997,YR1997,..,96.2098766259564,97.8145904541016,99.3205108642578,17.3347647410785,1712,10.1686861487289,5238.54,1.98984878549775,16836,263263.220712
Azerbaijan,AZE,1998,YR1998,..,96.6049510819706,98.0276184082031,99.3793716430664,16.3589481942318,1951,10.8400933437049,5986.451,2.48438139978064,17998,240963.444684
Azerbaijan,AZE,1999,YR1999,..,94.450293113965,97,99.4316482543945,14.1654404063601,1506,8.2856514084507,5020.936,2.14393611406855,18176,234192.42612
Azerbaijan,AZE,2000,YR2000,73.19,97.8164173069147,98.9082224496759,99.7049277072883,13.1776104151094,1534,8.20364725386384,5061.693,2.06564607499202,18699,245041.639092
Azerbaijan,AZE,2001,YR2001,76.11,97.6038581205299,98.5917816162109,99.5189208984375,12.1486592516118,1301,6.85819715340011,4307.28,1.75252349067175,18970,245775.878208
Azerbaijan,AZE,2002,YR2002,78.64,100,100,99.5576629638672,11.0945328309231,2020,10.8015614138281,6136.676,2.35189856073918,18701,260924.348628
Azerbaijan,AZE,2003,YR2003,80.9,98.1494935224998,98.9018249511719,99.5966186523438,10.4940533558952,2469,11.5991731654609,7880.069,2.94478210619856,21286,267594.29784
Azerbaijan,AZE,2004,YR2004,83.01,98.4148223393042,99.0534973144531,99.6385955810547,10.0139858808694,2755,12.670161883738,8230.988,3.07078446344723,21744,268041.86676
Azerbaijan,AZE,2005,YR2005,84.79,98.6878386717311,99.2109756469727,99.6864013671875,8.31965459802676,3009,13.1558237145855,9587.977,3.3651961564827,22872,284915.843064
Azerbaijan,AZE,2006,YR2006,86.11,99,99.5,99.8,6.09606134807946,2518,10.2595444729658,8259.265,2.86158684991581,24543,288625.347864
Azerbaijan,AZE,2007,YR2007,87.67,99.2865852084893,99.562141418457,99.8085708618164,4.46259403557355,2364,10.8207076486474,9854.355,3.78869994993945,21847,260098.586064
Azerbaijan,AZE,2008,YR2008,89.21,99.5873688808444,99.7418060302734,99.8788146972656,4.43108449164338,2232,10.3128032158204,9358.42,3.08630745943865,21643,303223.840236
Azerbaijan,AZE,2009,YR2009,90.38,99.8220911093484,99.8847351074219,99.9398651123047,3.62863822033588,2310,12.2429510281959,8471.498,3.2691447294693,18868,259134.994044
Azerbaijan,AZE,2010,YR2010,91.38,99.9505935949411,99.9656753540039,99.9788360595703,3.35871117807688,3447,18.4233030464992,11887.45,4.44973428535868,18710,267149.65968
Azerbaijan,AZE,2011,YR2011,92.25,99.9,99.9,99.9,3.63916676084736,2676,13.1861633980487,10342.24,3.55633258575353,20294,290811.946032
Azerbaijan,AZE,2012,YR2012,92.96,99.9998970772107,99.9997100830078,99.9995498657226,3.88132061011495,1821,7.92152427353402,8506.983,2.84552187217877,22988,298960.379928
Azerbaijan,AZE,2013,YR2013,93.71,100,100,100,3.71921133526089,1558,6.67123404984157,7877.251,2.52609484041716,23354,311835.124872
Azerbaijan,AZE,2014,YR2014,94.44,100,100,100,3.76240572785999,1392,5.62924619864122,6999.005,2.11681861563155,24728,330637.918068
Azerbaijan,AZE,2015,YR2015,95.1,100,100,100,3.73014078315772,1738,7.0398574206092,7681.284,2.31075768577815,24688,332414.084232
Azerbaijan,AZE,2016,YR2016,95.54,100,100,100,..,..,..,..,..,..,..
"Bahamas, The",BHS,1990,YR1990,..,82.0291646624731,90.7911987304688,93.00390625,4.34297590019939,0,0,0,0,950,15588.9
"Bahamas, The",BHS,1991,YR1991,..,83.3483982391076,91.3105010986328,93.2926864624024,4.13724610340371,0,0,0,0,1135,17020.6
"Bahamas, The",BHS,1992,YR1992,..,84.6910811711975,91.8292922973633,93.5812835693359,4.32768899905876,0,0,0,0,1165,16783.64
"Bahamas, The",BHS,1993,YR1993,..,86.0470496644365,92.3450241088867,93.8688583374023,4.09293352285509,0,0,0,0,1217,16124.54
"Bahamas, The",BHS,1994,YR1994,..,87.4059554929084,92.8546371459961,94.1543731689453,3.93755081681792,0,0,0,0,1278,15977.1
"Bahamas, The",BHS,1995,YR1995,..,88.7552234349706,93.3550720214844,94.4367904663086,3.75846831598555,0,0,0,0,1304,16004.04
"Bahamas, The",BHS,1996,YR1996,..,90.082699734609,93.8432769775391,94.715087890625,3.57894566064406,0,0,0,0,1340,16019.86
"Bahamas, The",BHS,1997,YR1997,..,91.3758779582776,94.3161849975586,94.9882278442383,2.89991527453215,0,0,0,0,1414,12064.5
"Bahamas, The",BHS,1998,YR1998,..,92.6206774930723,94.7707290649414,95.2551879882812,3.37085331211566,0,0,0,0,1532,16508.54
"Bahamas, The",BHS,1999,YR1999,..,93.8035408283103,95.2038726806641,95.5149383544922,3.13704298780575,0,0,0,0,1607.4,16832.6
"Bahamas, The",BHS,2000,YR2000,100,94.9165166427392,95.6140518188477,95.7670745849609,3.0007525695165,0,0,0,0,1704.8,16828.3
"Bahamas, The",BHS,2001,YR2001,100,96.065547,96.065547,96.065547,2.76869091588759,0,0,71.655,0.449767772198006,1769.5,15931.555
"Bahamas, The",BHS,2002,YR2002,100,96.9701478251987,96.38525390625,96.2578887939453,2.71018851005518,0,0,65.537,0.415960382815315,1886.2,15755.587
"Bahamas, The",BHS,2003,YR2003,100,97.9393178797473,96.7583999633789,96.5021896362305,2.6703207617054,0,0,265.0635,1.6886291415534,1995.1,15696.9635
"Bahamas, The",BHS,2004,YR2004,100,98.8976580318334,97.1313247680664,96.74951171875,2.99990455312901,0,0,268.3461,1.70469977439097,1979.7,15741.54605
"Bahamas, The",BHS,2005,YR2005,100,99.86622970937,97.5100936889648,97.002670288086,3.01412852989005,0,0,270.5385,1.83639125079493,2085,14732.07302
"Bahamas, The",BHS,2006,YR2006,100,100,97.900764465332,97.2644805908203,2.82168347435604,0,0,285.5391,2.16817269225998,2121,13169.57367
"Bahamas, The",BHS,2007,YR2007,100,100,98.3253021240234,97.5377502441406,2.84470335124966,0,0,514.05,3.70660460767623,2246,13868.4875893
"Bahamas, The",BHS,2008,YR2008,100,100,98.7536849975586,97.8245468139649,2.56642547420495,0,0,277.7229,2.14639382180861,2251,12939.046748
"Bahamas, The",BHS,2009,YR2009,100,100,99.1822662353516,98.1318664550781,2.96959208286291,0,0,277.7504,1.91509448940823,2140,14503.2217228
"Bahamas, The",BHS,2010,YR2010,100,100,99.5609893798828,98.4405364990234,2.93750291667313,0,0,276.444,1.65566801996177,1804.6,16696.8254908
"Bahamas, The",BHS,2011,YR2011,100,100,99.8256530761719,98.7581329345703,3.26212883970692,0,0,280.9917,1.42627268471275,1753.6,19701.1204808
"Bahamas, The",BHS,2012,YR2012,100,100,99.9557952880859,99.0815887451172,3.38862352078145,0,0,278.4185,1.18468572968943,1749.5,23501.4648208
"Bahamas, The",BHS,2013,YR2013,100,100,99.9947357177734,99.3987197875977,4.73987095277839,0,0,282.2426,0.84390314402223,1885,33444.90443
"Bahamas, The",BHS,2014,YR2014,100,100,100,99.6763381958008,4.02736864841881,0,0,280.9114,1.08880276901951,1853,25800.02623
"Bahamas, The",BHS,2015,YR2015,100,100,100,99.8746032714844,4.03347210764914,0,0,310.333,1.21051288380392,2117,25636.48881
"Bahamas, The",BHS,2016,YR2016,100,100,100,100,..,..,..,..,..,..,..
Bahrain,BHR,1990,YR1990,..,..,..,..,12.484085388068,0,0,0,0,7989,43713.164628
Bahrain,BHR,1991,YR1991,..,..,..,..,11.0482784772465,0,0,0,0,7403,40668.607404
Bahrain,BHR,1992,YR1992,..,..,..,..,11.3928552528099,0,0,0,0,9872,51482.190708
Bahrain,BHR,1993,YR1993,..,..,..,..,10.6379141212668,0,0,0,0,11807,60050.2257
Bahrain,BHR,1994,YR1994,..,..,..,..,11.3359088985833,0,0,0,0,11418,59159.525868
Bahrain,BHR,1995,YR1995,..,..,..,..,11.0449731456256,0,0,0,0,11648,61947.68346
Bahrain,BHR,1996,YR1996,..,..,..,..,10.6053815875841,0,0,0,0,12235,64190.677824
Bahrain,BHR,1997,YR1997,..,..,..,..,11.596399471619,0,0,0,0,12641,67897.419336
Bahrain,BHR,1998,YR1998,..,..,..,..,11.6268159232025,0,0,0,0,13502,72331.701084
Bahrain,BHR,1999,YR1999,..,..,..,..,11.0449998683993,0,0,0,0,13530,71371.793448
Bahrain,BHR,2000,YR2000,100,..,..,..,11.0783812618698,0,0,0,0,13859,72941.257296
Bahrain,BHR,2001,YR2001,100,100,100,100,11.1076532290011,0,0,0,0,14618,77321.864268
Bahrain,BHR,2002,YR2002,100,100,100,100,11.1155572828726,0,0,0,0,15258,82494.19512
Bahrain,BHR,2003,YR2003,100,100,100,100,11.122523232007,0,0,0,0,15702,87163.10514
Bahrain,BHR,2004,YR2004,100,100,100,100,10.436212185439,0,0,0,0,16150,91263.992004
Bahrain,BHR,2005,YR2005,100,100,100,100,11.2235310594949,0,0,0,0,19373,107917.9101
Bahrain,BHR,2006,YR2006,100,100,100,100,11.2933414703297,0,0,0,0,21042,114616.287684
Bahrain,BHR,2007,YR2007,100,100,100,100,10.9121706692551,0,0,0,0,21727,120207.717216
Bahrain,BHR,2008,YR2008,100,100,100,100,11.1342166842842,0,0,0,0,22824,126332.586936
Bahrain,BHR,2009,YR2009,100,100,100,100,10.5459446541361,0,0,0,0,22561,125552.376756
Bahrain,BHR,2010,YR2010,100,100,100,100,10.4491991326449,0,0,0,0,23824,140457.51036
Bahrain,BHR,2011,YR2011,100,100,100,100,10.2370135888467,0,0,0,0,24338,141201.50472
Bahrain,BHR,2012,YR2012,100,100,100,100,9.79422094964858,0,0,0,0,24775,140139.146088
Bahrain,BHR,2013,YR2013,100,100,100,100,10.1388268335799,0,0,0,0,25916,170118.015732
Bahrain,BHR,2014,YR2014,100,100,100,100,9.92276924601324,0,0,0,0,27253,184581.944352
Bahrain,BHR,2015,YR2015,100,100,100,100,9.78520977075594,0,0,0,0,28484,191733.4593
Bahrain,BHR,2016,YR2016,100,100,100,100,..,..,..,..,..,..,..
Bangladesh,BGD,1990,YR1990,..,..,8.54437446594238,65.9839782714844,3.89946975846881,884,11.4330056906363,285257.2,71.6649713034591,7732,398042.718516
Bangladesh,BGD,1991,YR1991,..,4.57,14.29,58.060595224431,3.71422440464463,838,10.1330108827086,285111.2,73.159667324204,8270,389710.90278
Bangladesh,BGD,1992,YR1992,..,..,13.4442501068115,68.1169586181641,3.71803957750277,796,8.94985383404542,289650.4,71.6607037258685,8894,404196.979572
Bangladesh,BGD,1993,YR1993,..,1.7538090956016,15.8908739089966,69.1823348999023,3.7489666638252,608,6.60438844232023,291504,70.5571230240722,9206,413146.0971
Bangladesh,BGD,1994,YR1994,..,10.4,17.8,75.2,3.76898343134996,847,8.65699100572363,298184.8,68.9799071851049,9784,432277.763436
Bangladesh,BGD,1995,YR1995,..,6.76098690403924,20.7627086639404,71.3058700561523,3.90083341084756,372,3.44253192670738,298192.5,63.8028091687192,10806,467365.78512
Bangladesh,BGD,1996,YR1996,..,9.25869218601573,23.1817989349365,72.3619689941406,3.7541441889387,739,6.44064842252048,288364.5,62.1240765978699,11474,464175.108576
Bangladesh,BGD,1997,YR1997,..,15.1,22.4,79.5,3.75324407139327,719,6.06341710237814,298032.2,59.9728561221059,11858,496945.150308
Bangladesh,BGD,1998,YR1998,..,14.227779951174,27.9710369110107,74.4576721191406,3.72007096007324,865,6.71479583915541,302920.9,60.2339712856559,12882,502907.069772
Bangladesh,BGD,1999,YR1999,..,16.69140563123,30.3350658416748,75.4952163696289,3.60124124575168,833,5.76470588235294,309370.9,60.5343957531165,14450,511066.305612
Bangladesh,BGD,2000,YR2000,7.24,20.5,32,81.2,3.53893810027274,749,4.74922325787838,315192.1,59.0084842709052,15771,534147.087312
Bangladesh,BGD,2001,YR2001,7.78,21.4908785163709,34.9988059997559,77.549674987793,3.68413051259448,993,5.70952161913524,321889,55.7938421288347,17392,576925.674444
Bangladesh,BGD,2002,YR2002,8.16,23.7333793391398,37.3091239929199,78.5715789794922,3.63288692213999,749,4.01285829091883,327062.6,54.3221119182556,18665,602080.05258
Bangladesh,BGD,2003,YR2003,8.73,25.9796460581087,39.6131591796875,79.5936813354492,3.65483812946528,749,3.79971590909091,332724.3,52.6378623825057,19712,632100.706488
Bangladesh,BGD,2004,YR2004,9.2,30.4,40.6,76.6,3.53715298214496,749,3.03447717052222,338086.9,52.1235936467388,24683,648625.461804
Bangladesh,BGD,2005,YR2005,9.74,31.19,44.23,82.61,3.44757128087041,749,2.83207925284531,343097.5,50.7759641032431,26447,675708.48936
Bangladesh,BGD,2006,YR2006,10.36,38.8453183948782,50.5251024590164,77.799135031235,3.46279790842764,749,2.53631776776946,347680.4,48.9023976944159,29531,710968.002372
Bangladesh,BGD,2007,YR2007,10.92,36.6,46.5,82.1,3.37923652990158,749,2.41573939687147,351916.4,47.4829161545534,31005,741143.191068
Bangladesh,BGD,2008,YR2008,11.59,37.5653920026175,51.2497749328613,84.805046081543,3.34561817215582,950,2.77631655853644,356329.3,45.5814154712449,34218,781742.506932
Bangladesh,BGD,2009,YR2009,12.2,40.0024600862526,53.6328544616699,85.8821411132813,3.35070650577119,417,1.12166124216586,358705.3,43.6891169940556,37177,821040.397884
Bangladesh,BGD,2010,YR2010,12.9,42.49,55.26,90.1,3.43732478581831,729,1.78720274577102,363747.3,41.0508417943633,40790,886089.74652
Bangladesh,BGD,2011,YR2011,13.63,49.3,59.6,90.2,3.34942383956602,872,1.9749507394741,368449.7,39.4378552445795,44153,934253.898228
Bangladesh,BGD,2012,YR2012,14.33,47.5702915404016,60.8782157897949,89.1705551147461,3.29957758916921,777,1.60001647378609,372529.9,38.6126786335771,48562,964786.472172
Bangladesh,BGD,2013,YR2013,15.06,54.2,61.5,88,3.17849390914751,1034,1.94653614457831,377762.7,38.7604812718781,53120,974607.867612
Bangladesh,BGD,2014,YR2014,15.96,51.4,62.4,90.7,3.12943728409882,737,1.31972423672665,381507.4,37.6344834916176,55845,1013717.64564
Bangladesh,BGD,2015,YR2015,16.68,55.5300206796793,68.2046813964844,92.5071792602539,3.13980502442378,724,1.2268899018827,386058.6,34.7470690115416,59011,1111053.711816
Bangladesh,BGD,2016,YR2016,17.72,68.85,75.92,94.01,..,..,..,..,..,..,..
Barbados,BRB,1990,YR1990,..,..,..,..,4.64577451208005,0,0,1805.187,18.9421765236556,468,9529.98721
Barbados,BRB,1991,YR1991,..,..,..,..,5.28768810815039,0,0,1720.412,18.4837262328372,531,9307.711975
Barbados,BRB,1992,YR1992,..,..,..,..,4.5124019597837,0,0,1428.496,16.9804417606774,541,8412.59621
Barbados,BRB,1993,YR1993,..,..,..,..,5.31615887025188,0,0,1249.62,15.1160901497962,551,8266.82024
Barbados,BRB,1994,YR1994,..,..,..,..,3.65872342645258,0,0,1328.107,15.1125495850041,577,8788.106815
Barbados,BRB,1995,YR1995,..,..,..,..,3.89279355968629,0,0,1428.338,16.0342601769069,616,8908.038065
Barbados,BRB,1996,YR1996,..,..,..,..,3.80753203450073,0,0,1534.162,16.8069110064684,650,9128.16162
Barbados,BRB,1997,YR1997,..,..,..,..,3.708679600351,0,0,1611.28,16.4023339329755,678,9823.48004
Barbados,BRB,1998,YR1998,..,..,..,..,4.15943131938018,0,0,1216.83,12.1398567223847,747,10023.429665
Barbados,BRB,1999,YR1999,..,..,..,..,4.48074749998945,0,0,1379.387,12.8109063600413,802,10767.28657
Barbados,BRB,2000,YR2000,97.4,100,100,100,4.20697785454309,0,0,1518.407,13.6212955289104,787,11147.302375
Barbados,BRB,2001,YR2001,97.66,100,100,100,4.37594160931681,0,0,1324.106,12.2892065542041,827,10774.544265
Barbados,BRB,2002,YR2002,97.91,100,100,100,4.24983970204389,0,0,1200.298,11.0693796695838,859,10843.4079942
Barbados,BRB,2003,YR2003,98.16,100,100,100,4.26924241511994,0,0,1071.057,9.94779435105325,870.9,10766.7786667363
Barbados,BRB,2004,YR2004,98.35,100,100,100,4.32760986635293,0,0,1098.837,9.92989151872737,895.29,11065.9517068
Barbados,BRB,2005,YR2005,98.49,100,100,100,4.32492545332823,0,0,1138.784,9.90709346501589,992.79,11494.6326490337
Barbados,BRB,2006,YR2006,98.65,100,100,100,4.17227737607567,0,0,1160.475,9.90306787436204,1020.36,11718.3383444674
Barbados,BRB,2007,YR2007,98.8,100,100,100,4.10581518721768,0,0,1165.475,9.7104639158613,1049.23,12002.2586984365
Barbados,BRB,2008,YR2008,98.92,100,100,100,4.87143962984287,0,0,1141.304,8.62863650732714,1053.66,13226.9333518783
Barbados,BRB,2009,YR2009,99.01,100,100,100,5.12965430358548,0,0,1233.936,9.3801547841442,1068.34,13154.7509438308
Barbados,BRB,2010,YR2010,99.08,100,100,100,4.73861274440615,0,0,1185.736,9.03133448365998,1027.67,13129.1339297122
Barbados,BRB,2011,YR2011,99.17,100,100,100,4.6830214063545,0,0,565.2721,4.58440171410584,1049,12330.335237872
Barbados,BRB,2012,YR2012,99.24,100,100,100,4.56037558566737,0,0,512.6778,4.13218505806171,1128.52,12406.9419156286
Barbados,BRB,2013,YR2013,99.3,100,100,100,4.47088292873395,0,0,391.6627,3.40036919145895,1015.84,11518.24046
Barbados,BRB,2014,YR2014,99.36,100,100,100,3.87779935161732,0,0,367.2428,3.15661695398056,1009.58,11634.0628386
Barbados,BRB,2015,YR2015,99.41,100,100,100,3.78336014014944,0,0,315.0794,2.78635820637435,1029.29,11307.928725
Barbados,BRB,2016,YR2016,99.44,100,100,100,..,..,..,..,..,..,..
Belarus,BLR,1990,YR1990,..,100,100,100,23.1278445367167,20,0.0505996053230785,8598.692,0.817357745109713,39526,1052010.830196
Belarus,BLR,1991,YR1991,..,100,100,100,22.8070762618561,18,0.0464696011359236,9289.49,0.898691698426958,38735,1033668.16632
Belarus,BLR,1992,YR1992,..,100,100,100,21.0522029232947,17,0.0452187790929645,9975.961,1.04787037839114,37595,952022.42622
Belarus,BLR,1993,YR1993,..,100,100,100,19.4039931998361,19,0.0569390751895472,10678.45,1.2511424670803,33369,853495.9272
Belarus,BLR,1994,YR1994,..,100,100,100,18.6608029015444,19,0.060515335860114,14420.04,2.07032348927791,31397,696511.44252
Belarus,BLR,1995,YR1995,..,100,100,100,19.266985728573,20,0.0802632635042941,16428.01,2.52781588802276,24918,649889.498592
Belarus,BLR,1996,YR1996,..,100,100,100,19.2466191421769,16,0.0674308833445718,21278.5,3.1013098744797,23728,686113.31538
Belarus,BLR,1997,YR1997,..,100,100,100,17.2331864394545,21,0.0805925471082626,23420.78,3.3933728745475,26057,690191.760996
Belarus,BLR,1998,YR1998,..,100,100,100,15.5732950279104,28,0.119189511323004,25280.06,3.64044443856747,23492,694422.354924
Belarus,BLR,1999,YR1999,..,100,100,100,14.665971045324,19,0.071654849901946,26677.82,3.97586400781194,26516,670994.278164
Belarus,BLR,2000,YR2000,93.69,100,100,100,14.0876945822948,27,0.103444312478449,31298.13,4.98260515782548,26101,628147.90674
Belarus,BLR,2001,YR2001,94.36,100,100,100,13.5090589067811,30,0.119698360132466,34875.1,5.52647283955245,25063,631055.304396
Belarus,BLR,2002,YR2002,94.84,100,100,100,13.1104501902558,29,0.109615966132446,35940.21,5.7627291283016,26456,623666.481624
Belarus,BLR,2003,YR2003,95.32,100,100,100,12.6087119755198,28,0.10515642017501,35587.57,5.59798862668648,26627,635720.655636
Belarus,BLR,2004,YR2004,95.7,100,100,100,11.7000333752167,34,0.108939442486383,36169.82,5.65551731817407,31210,639549.274896
Belarus,BLR,2005,YR2005,96.13,100,100,100,10.6839118512967,37,0.119505183941087,40622.09,6.15323994088835,30961,660173.99598
Belarus,BLR,2006,YR2006,96.43,100,100,100,10.3386428796426,38,0.119455534249159,44730.01,6.48867852567754,31811,689354.694072
Belarus,BLR,2007,YR2007,96.75,100,100,100,9.32464600962865,50,0.157089446730969,44995.27,6.62227569372791,31829,679453.288884
Belarus,BLR,2008,YR2008,96.93,100,100,100,8.47341451903343,73,0.208285779502397,45090.91,6.48734726181925,35048,695059.292808
Belarus,BLR,2009,YR2009,97.19,100,100,100,8.02913468995465,105,0.345667632341322,45526.67,6.77864120236616,30376,671619.409272
Belarus,BLR,2010,YR2010,97.43,100,100,100,7.73263489946284,130,0.372546210058748,50056.72,7.01637018392482,34895,713427.5799
Belarus,BLR,2011,YR2011,97.57,100,100,100,7.81135936914023,138,0.428571428571429,52505.01,7.37848342362358,32200,711596.231712
Belarus,BLR,2012,YR2012,97.69,100,100,100,7.9804333108178,171,0.555212831585441,53332.43,7.24939399554935,30799,735681.217392
Belarus,BLR,2013,YR2013,97.85,100,100,100,7.06140783120911,266,0.844256831815152,51743.51,7.00920866865618,31507,738221.851368
Belarus,BLR,2014,YR2014,97.91,100,100,100,6.83291645216428,251,0.722614078019289,47255.94,6.63418060132312,34735,712310.12298
Belarus,BLR,2015,YR2015,98.01,100,100,100,6.47006816492061,278,0.815679830995834,44549.43,6.7708695317313,34082,657957.29472
Belarus,BLR,2016,YR2016,98.18,100,100,100,..,..,..,..,..,..,..
Belgium,BEL,1990,YR1990,..,100,100,100,6.62193188658783,555,0.789563534968417,15414.34,1.26946149475781,70292,1214242.421976
Belgium,BEL,1991,YR1991,..,100,100,100,6.79309713264478,536,0.752957042115023,15609.84,1.21508173713429,71186,1284674.069484
Belgium,BEL,1992,YR1992,..,100,100,100,6.7644062054151,617,0.864024646408066,15441.87,1.19433320119901,71410,1292928.136344
Belgium,BEL,1993,YR1993,..,100,100,100,6.66856983124347,507,0.723582805274876,12258.15,0.956473287920865,70068,1281598.781148
Belgium,BEL,1994,YR1994,..,100,100,100,6.85533869661772,600,0.841031104133668,12436.31,0.939572923630559,71341,1323613.06794
Belgium,BEL,1995,YR1995,..,100,100,100,6.81512237962769,668,0.908645736982426,16903.56,1.26038953981826,73516,1341137.7567
Belgium,BEL,1996,YR1996,..,100,100,100,7.06435019014311,561,0.746626207777689,17011.41,1.18440709920024,75138,1436280.651432
Belgium,BEL,1997,YR1997,..,100,100,100,6.81205802252191,588,0.755191944619257,16254.97,1.14847831145982,77861,1415348.451756
Belgium,BEL,1998,YR1998,..,100,100,100,6.7909721630481,759,0.924763935424916,18641.07,1.29195646368097,82075,1442855.895228
Belgium,BEL,1999,YR1999,..,100,100,100,6.58358483496159,850,1.01960031667586,20062.39,1.40065083845512,83366,1432361.974104
Belgium,BEL,2000,YR2000,100,100,100,100,6.43243066163186,1044,1.26128085245189,21034.1,1.44708348583888,82773,1453551.2433
Belgium,BEL,2001,YR2001,100,100,100,100,6.36294999468489,1075,1.36737133989672,23794.97,1.58498778095901,78618,1501271.510472
Belgium,BEL,2002,YR2002,100,100,100,100,6.0083364172536,1138,1.40599710893389,23888.6,1.68571034125753,80939,1417123.654956
Belgium,BEL,2003,YR2003,100,100,100,100,6.20852799240211,1192,1.42650279436579,27761.44,1.89107981893382,83561,1468020.531024
Belgium,BEL,2004,YR2004,100,100,100,100,6.01994774886478,1497,1.77468495489194,29827.22,2.02423788988695,84353,1473503.689908
Belgium,BEL,2005,YR2005,100,100,100,100,5.88936781691768,2106,2.457151524344,35251.88,2.46693552312784,85709,1428974.51796
Belgium,BEL,2006,YR2006,100,100,100,100,5.69515669511811,2952,3.49978659837815,40459.49,2.82662388741233,84348,1431371.544696
Belgium,BEL,2007,YR2007,100,100,100,100,5.41318352657469,3486,3.98272552783109,46372.26,3.32908124864994,87528,1392944.675616
Belgium,BEL,2008,YR2008,100,100,100,100,5.53509470263218,4418,5.2857638515009,56267.56,3.91175029674187,83583,1438424.12556
Belgium,BEL,2009,YR2009,100,100,100,100,5.44010323385748,5439,6.05638821459591,66733.06,4.83345935359174,89806,1380648.002148
Belgium,BEL,2010,YR2010,100,100,100,100,5.69871674566424,6494,6.92080611298797,86011.18,5.83739147556669,93833,1473452.317872
Belgium,BEL,2011,YR2011,100,100,100,100,5.21362674900748,8377,9.41087918754353,89948.52,6.63206514838302,89014,1356267.135312
Belgium,BEL,2012,YR2012,100,100,100,100,4.98387304650547,10458,12.8128790384827,106269.8,7.75872906587017,81621,1369680.512076
Belgium,BEL,2013,YR2013,100,100,100,100,5.16431552309613,11675,14.2093861058371,116093.9,8.12943452255499,82183,1428068.578176
Belgium,BEL,2014,YR2014,100,100,100,100,4.78244046666339,12213,17.0806411009482,120885.3,9.07399509752252,71455,1332216.94194
Belgium,BEL,2015,YR2015,100,100,100,100,4.74127411057829,14466,20.8000230056939,128345.2,9.20164053078148,69548,1394807.801616
Belgium,BEL,2016,YR2016,100,100,100,100,..,..,..,..,..,..,..
Belize,BLZ,1990,YR1990,..,78.700145222385,87.9647369384766,98.2188339233398,8.55506366695362,0,0,2335.027,38.0116326948614,108,6142.9274
Belize,BLZ,1991,YR1991,..,79.2222867467688,88.1896438598633,98.1783676147461,8.54471569193522,0,0,2388.829,32.4413606573696,125,7363.529
Belize,BLZ,1992,YR1992,..,79.6688360595644,88.4140396118164,98.1377334594727,7.44209267984088,0,0,2319.147,36.2891357589881,140,6390.7474
Belize,BLZ,1993,YR1993,..,80.1117090619107,88.635383605957,98.096061706543,7.4185920526724,0,0,2365.41,35.5951812990022,157,6645.3096
Belize,BLZ,1994,YR1994,..,80.5455899725041,88.8506011962891,98.0523300170898,7.37524959196683,0,0,2281.057,34.0809464255979,144,6693.0565
Belize,BLZ,1995,YR1995,..,80.9653024494377,89.0566482543945,98.0055084228516,7.58126682170962,40,27.027027027027,2476.001,34.9202926308058,148,7090.436
Belize,BLZ,1996,YR1996,..,81.3664539009173,89.2504577636719,97.9545669555664,6.80171379366385,61,40.1315789473684,2689.063,42.6821474315401,152,6300.2055
Belize,BLZ,1997,YR1997,..,81.7435760557148,89.4289703369141,97.8984680175781,7.7409651586386,69,41.3173652694611,2740.486,36.6576799937399,167,7475.885
Belize,BLZ,1998,YR1998,..,82.0924556803962,89.5891265869141,97.8361892700195,7.15322994384203,66,41.5094339622642,2447.892,35.3246863594416,159,6929.6921
Belize,BLZ,1999,YR1999,..,82.4071962223908,89.7278671264649,97.7666931152344,6.44370302151009,76,45.5089820359281,2508.444,35.0321510431819,167,7160.4053
Belize,BLZ,2000,YR2000,78.18,82.6983848925493,89.8436584472656,97.6895904541016,6.36232976383274,96,70.0729927007299,2907.992,34.5525895175452,137,8416.133322
Belize,BLZ,2001,YR2001,78.87,83.0350927436029,89.9410400390625,97.607063293457,6.38357317085772,96,69.0647482014388,2603.656,29.6083936996388,139,8793.641514
Belize,BLZ,2002,YR2002,79.42,83.3461607365231,90.0260772705078,97.5219192504883,5.96246221054162,94,67.1428571428571,2703.131,31.193013807901,140,8665.82183
Belize,BLZ,2003,YR2003,80.01,83.6415224267332,90.1048278808594,97.4369812011719,5.33489758957913,68,40.9638554216867,2482.17,30.1749529688401,166,8225.928314
Belize,BLZ,2004,YR2004,80.57,83.9299526449321,90.1833572387695,97.3550643920898,5.08348894283465,63.85,43.0781478757784,2540.877,32.0177093818016,148.219,7935.848782
Belize,BLZ,2005,YR2005,80.98,84.2200132283625,90.2677307128906,97.2789764404297,4.8844918777745,68.957,44.1418027487405,2583.066,31.0128405731198,156.217,8329.020987
Belize,BLZ,2006,YR2006,81.47,82.7830188679245,90.9885308574549,98.0671414038657,5.12487340105895,179.5,84.7717773737278,3581.547,36.8016092785344,211.745,9732.039088
Belize,BLZ,2007,YR2007,82.07,84.8423673652002,90.4782562255859,97.1555862426758,5.05024120948832,179.177,82.2754469021063,3109.843,32.3106883308948,217.777,9624.811976
Belize,BLZ,2008,YR2008,82.48,85.1897794999605,90.6150207519531,97.1131362915039,4.59428081589416,206.545,94.7475859538063,3141.13,34.0629221378729,217.995,9221.551772
Belize,BLZ,2009,YR2009,82.82,85.5611970134736,90.7728118896484,97.0831909179688,5.35545092052362,187.591389,79.2914214469014,2937.483,26.617188634872,236.584722,11036.0378036
Belize,BLZ,2010,YR2010,83.31,83.0399206545996,89.9172243747798,96.999642510597,5.05688535848823,262.985,63.3809520940405,3558.571,33.7103437031445,414.9275,10556.3177621
Belize,BLZ,2011,YR2011,83.78,87.2227151730257,91.6817359855335,96.3133640552995,5.44511993260269,244.446111,62.941598469924,3686.776,31.0237604383144,388.369722,11883.7173441
Belize,BLZ,2012,YR2012,84.17,86.7662835786619,91.3423233032227,97.0504760742188,4.6943684369337,208.460556,49.1940058214813,3870.41,37.1144939641158,423.751944,10428.2979144
Belize,BLZ,2013,YR2013,84.54,87.1814345802107,91.5541839599609,97.0526657104492,4.84899451917026,207.07,55.8130131931025,3682.176,34.6588616999766,371.006667,10624.0534726
Belize,BLZ,2014,YR2014,84.84,87.5975537323186,91.7720565795898,97.0584259033203,4.52927883432873,204.881389,50.7054753739704,3977.663,36.9061680129115,404.061666888889,10777.772969029
Belize,BLZ,2015,YR2015,85.18,87.5,91.8,96.9,5.10670546242561,188.630277777778,45.2399304748245,4279.87,35.0236296024311,416.955277777778,12219.9499269
Belize,BLZ,2016,YR2016,85.43,88.4200865737024,92.2143173217773,97.0738220214844,..,..,..,..,..,..,..
Benin,BEN,1990,YR1990,..,..,7.31127214431763,30.2366409301758,9.55184973912938,0,0,56338.84,93.7032408560468,21,60124.75074
Benin,BEN,1991,YR1991,..,..,8.68394088745117,31.798511505127,9.30442096470045,0,0,57757.79,94.964848328917,23,60820.17822
Benin,BEN,1992,YR1992,..,..,10.0560998916626,33.3602104187012,9.26014953802541,0,0,59134.95,94.8518351322509,25,62344.550232
Benin,BEN,1993,YR1993,..,..,11.425199508667,34.9208755493164,8.95518814784716,0,0,60554.86,94.9888011654341,26,63749.47284
Benin,BEN,1994,YR1994,..,..,12.7881803512573,36.4794807434082,8.96865967914371,0,0,61947.85,94.9750351913407,52,65225.403576
Benin,BEN,1995,YR1995,..,0.254705985802046,14.1419849395752,38.0349960327148,8.64297336578672,0,0,63101.65,94.7719872182725,33,66582.596664
Benin,BEN,1996,YR1996,..,2,14.5,34.4,9.64719851208874,0,0,69439.46,84.1459675681926,47,82522.623492
Benin,BEN,1997,YR1997,..,2.28761528381622,16.8098239898682,41.132625579834,9.46627521932747,2,3.38983050847458,68934.64,80.6264318540762,59,85498.810272
Benin,BEN,1998,YR1998,..,3.25928985912847,18.1177425384521,42.6726799011231,8.98202669184217,2,2.53164556962025,67230.9,79.5684318860596,79,84494.43882
Benin,BEN,1999,YR1999,..,4.19378210332337,19.4042453765869,44.2055206298828,8.89457316788141,2,2.77777777777778,64314.84,76.9054246965801,72,83628.482976
Benin,BEN,2000,YR2000,1.83,5.08834029923345,20.6677970886231,45.7307548522949,7.25496150279528,2,2.38095238095238,48891.02,70.2889919783792,84,69557.150592
Benin,BEN,2001,YR2001,2.06,5.5,21.9,49.6,7.32510709860239,2,3.03030303030303,50329.68,66.8537011707005,66,75283.311348
Benin,BEN,2002,YR2002,2.28,6.7857768747588,23.1457328796387,48.7677536010742,7.50897607002651,2,3.17460317460317,51856.94,64.0377207211989,63,80978.740992
Benin,BEN,2003,YR2003,2.58,7.59713746840911,24.3722438812256,50.2851524353027,7.65578977499891,2,2.5,53036.49,61.7301932135553,80,85916.611044
Benin,BEN,2004,YR2004,2.89,8.39128445925046,25.5985355377197,51.8055686950684,7.65372413494544,1,1.23456790123457,54503.54,60.6905495723373,81,89805.645828
Benin,BEN,2005,YR2005,3.24,9.17648251473693,26.8306674957275,53.3318176269531,7.55145743701808,1,0.934579439252336,56052.02,59.1908091672101,107,94697.168004
Benin,BEN,2006,YR2006,3.49,8.5,27.9,56.6,8.57200595630306,4,2.5974025974026,62002.01,57.3029210015813,154,108200.435364
Benin,BEN,2007,YR2007,3.91,10.7507768430683,29.3367118835449,56.4130935668945,8.79337179745273,3,1.36363636363636,63858.71,54.4860957112598,220,117201.846024
Benin,BEN,2008,YR2008,4.19,11.5527283587661,30.6212387084961,57.9729804992676,8.56937563057823,3,1.31004366812227,65623.18,54.7576222431712,229,119843.005068
Benin,BEN,2009,YR2009,4.46,12.3655762630518,31.9267921447754,59.5453681945801,8.78718414049568,1,0.78125,67368.17,52.8278434772848,128,127523.982744
Benin,BEN,2010,YR2010,4.78,13.9,34.2,65.4,9.14201724642486,1,0.869565217391304,61005.93,48.1172541013029,150,126785.975508
Benin,BEN,2011,YR2011,4.99000000000001,12.4,36.9,67,9.12302418951263,0,0,62604.38,49.4518135956395,155,126596.732148
Benin,BEN,2012,YR2012,5.34,14.5,38.4,68.6,9.03123337825779,0,0,64488.15,51.1460156133676,162,126086.361228
Benin,BEN,2013,YR2013,5.58,15.6290358757832,37.2992057800293,65.924186706543,8.83196748169947,0,0,72052.86,52.710999690266,173,136694.163312
Benin,BEN,2014,YR2014,5.85,13.7,34.1,55.8,8.61562266942328,0,0,74183.77,52.5379882071749,184,141200.24868
Benin,BEN,2015,YR2015,6.06,17.2087337988868,40.0334777832031,69.1421661376953,9.07481537036461,19,5.55555555555556,76473.18,50.8626179373594,342,150352.426008
Benin,BEN,2016,YR2016,6.44,17.9698002077629,41.4026145935059,70.7523498535156,..,..,..,..,..,..,..
Bermuda,BMU,1990,YR1990,..,..,100,100,2.9375742221526,0,0,0,0,490,5382
Bermuda,BMU,1991,YR1991,..,..,100,100,3.33527199869253,0,0,0,0,513,5981.6
Bermuda,BMU,1992,YR1992,..,..,100,100,2.81817562348401,0,0,0,0,517,4799.4
Bermuda,BMU,1993,YR1993,..,..,100,100,3.20656167104022,0,0,0,0,518,5646.4
Bermuda,BMU,1994,YR1994,..,..,100,100,3.15150250630457,0,0,0,0,527,5398.6
Bermuda,BMU,1995,YR1995,..,..,100,100,2.99790248538177,0,0,0,0,521,5148.8
Bermuda,BMU,1996,YR1996,..,..,100,100,2.89985650628573,0,0,0,0,525,4857.8
Bermuda,BMU,1997,YR1997,..,..,100,100,2.75123740228298,0,0,0,0,530,4618
Bermuda,BMU,1998,YR1998,..,..,100,100,2.62652278111118,0,0,0,0,530,4487.4
Bermuda,BMU,1999,YR1999,..,..,100,100,2.47911746366364,0,0,0,0,550,4465.4
Bermuda,BMU,2000,YR2000,..,..,100,100,2.28818691121647,0,0,0,0,603,4487.6
Bermuda,BMU,2001,YR2001,..,..,100,100,2.16596840842372,0,0,0,0,615,4513
Bermuda,BMU,2002,YR2002,..,..,100,100,2.29799496516037,0,0,0,0,644,4773.3
Bermuda,BMU,2003,YR2003,..,..,100,100,2.23887672726375,0,0,0,0,664,4613.3
Bermuda,BMU,2004,YR2004,..,..,100,100,2.25887235554369,0,0,0,0,667,4622.2
Bermuda,BMU,2005,YR2005,..,..,100,100,2.21534362426405,0,0,0,0,699,4873.34
Bermuda,BMU,2006,YR2006,..,..,100,100,2.3622247493265,0,0,0,0,720,5383.22
Bermuda,BMU,2007,YR2007,..,..,100,100,2.73517271516735,0,0,118.5315,2.36027312154267,734.9,5021.94
Bermuda,BMU,2008,YR2008,..,..,100,100,2.38256582503066,0,0,110.2591,2.27781702943461,727,4840.56
Bermuda,BMU,2009,YR2009,..,..,100,100,1.84057288242962,0,0,126.3951,2.60835899285589,746,4845.77086
Bermuda,BMU,2010,YR2010,..,..,100,100,2.30820179597503,0,0,116.4132,2.39176852046561,742.4,4867.24359
Bermuda,BMU,2011,YR2011,..,..,100,100,1.75734506412522,0,0,109.1492,2.31664705312181,725.9,4711.516148
Bermuda,BMU,2012,YR2012,..,..,100,100,2.03806082621382,0,0,95.55692,2.13500466516013,692,4475.724178
Bermuda,BMU,2013,YR2013,..,..,100,100,1.94581472072074,0,0,93.66656,1.92816579253939,673,4857.806334
Bermuda,BMU,2014,YR2014,..,..,100,100,2.29846336184892,0,0,105.5342,1.99479860849385,710,5290.4689
Bermuda,BMU,2015,YR2015,..,..,100,100,2.02626602134179,0,0,123.3681,2.3595880074697,674.3,5228.374598
Bermuda,BMU,2016,YR2016,..,..,100,100,..,..,..,..,..,..,..
BES Islands,BES,1990,YR1990,..,..,..,..,..,..,..,..,..,0,..
BES Islands,BES,1991,YR1991,..,..,..,..,..,..,..,..,..,0,..
BES Islands,BES,1992,YR1992,..,..,..,..,..,..,..,..,..,0,..
BES Islands,BES,1993,YR1993,..,..,..,..,..,..,..,..,..,0,..
BES Islands,BES,1994,YR1994,..,..,..,..,..,..,..,..,..,0,..
BES Islands,BES,1995,YR1995,..,..,..,..,..,..,..,..,..,0,..
BES Islands,BES,1996,YR1996,..,..,..,..,..,..,..,..,..,0,..
BES Islands,BES,1997,YR1997,..,..,..,..,..,..,..,..,..,0,..
BES Islands,BES,1998,YR1998,..,..,..,..,..,..,..,..,..,0,..
BES Islands,BES,1999,YR1999,..,..,..,..,..,..,..,..,..,0,..
BES Islands,BES,2000,YR2000,..,..,..,..,..,..,..,..,..,0,..
BES Islands,BES,2001,YR2001,..,..,..,..,..,..,..,..,..,0,..
BES Islands,BES,2002,YR2002,..,..,..,..,..,..,..,..,..,0,..
BES Islands,BES,2003,YR2003,..,..,..,..,..,..,..,..,..,0,..
BES Islands,BES,2004,YR2004,..,..,..,..,..,..,..,..,..,0,..
BES Islands,BES,2005,YR2005,..,..,..,..,..,..,..,..,..,0,..
BES Islands,BES,2006,YR2006,..,..,..,..,..,..,..,..,..,0,..
BES Islands,BES,2007,YR2007,..,..,..,..,..,..,..,..,..,0,..
BES Islands,BES,2008,YR2008,..,..,..,..,..,..,..,..,..,0,..
BES Islands,BES,2009,YR2009,..,..,..,..,..,..,..,..,..,0,..
BES Islands,BES,2010,YR2010,..,..,..,..,..,..,..,..,..,0,..
BES Islands,BES,2011,YR2011,..,..,..,..,..,..,..,..,..,0,..
BES Islands,BES,2012,YR2012,..,..,..,..,..,0,0,89.68408,2.45762765045125,113.7,3649.2135
BES Islands,BES,2013,YR2013,..,..,..,..,..,0,0,100.653,2.7136087669732,116.3,3709.1935
BES Islands,BES,2014,YR2014,..,..,..,..,..,2.2,1.77,112.5079,3.02528950996037,120,3718.9135
BES Islands,BES,2015,YR2015,..,..,..,..,..,..,..,112.7886,2.96987679690112,126.7,3797.7535
BES Islands,BES,2016,YR2016,..,..,..,..,..,..,..,..,..,..,..
Bhutan,BTN,1990,YR1990,..,..,0.00999999977648258,93.3058242797851,30.0153214770834,1557,99.5524296675192,35634.84,95.8988521698186,1564,37158.77635
Bhutan,BTN,1991,YR1991,..,..,0.481654524803162,93.6141891479492,30.2889944005854,1560,99.7442455242967,35804.34,95.9199381421397,1564,37327.31765
Bhutan,BTN,1992,YR1992,..,..,1.83413994312286,93.9223861694336,29.3291945442578,1563,99.9360613810742,35847.64,95.287492052706,1564,37620.5095
Bhutan,BTN,1993,YR1993,..,..,3.67861652374268,94.2295455932617,28.5173259835681,1683,99.9406175771972,35873.8,95.8580746623879,1684,37423.8687
Bhutan,BTN,1994,YR1994,..,..,8.18418788909912,94.5346450805664,27.567865427355,1685,99.9406880189798,36499.13,95.2909637508904,1686,38302.82386
Bhutan,BTN,1995,YR1995,..,..,12.6805810928345,94.8366546630859,26.3127671712357,1630,100,36699.11,94.3717497455821,1630,38887.81346
Bhutan,BTN,1996,YR1996,..,..,17.1647396087647,95.1345367431641,25.6503395895454,1972,100,37249.16,93.2400206314055,1972,39949.75521
Bhutan,BTN,1997,YR1997,..,0.331152102360511,21.6336002349854,95.4272689819336,25.1515347596044,1838,100,37812.86,91.3500642374542,1838,41393.35896
Bhutan,BTN,1998,YR1998,..,4.84060527012752,26.0841083526611,95.7138214111328,24.3211322541248,1801,100,38900.21,91.5314709412851,1801,42499.27331
Bhutan,BTN,1999,YR1999,..,9.39887107075028,30.5132007598877,95.9931564331055,22.8580280966108,1800,100,39497.02,91.5656229447683,1800,43135.20591
Bhutan,BTN,2000,YR2000,31.67,14.0123839678922,34.9193420410156,96.2648849487305,21.7941359920036,1810,100,40183.5,91.3980429430305,1810,43965.3834
Bhutan,BTN,2001,YR2001,33.34,18.6964489171428,39.3070755004883,96.5311813354492,20.4760663191754,2058.95,99.9781489754297,40746.49,91.7484689925743,2059.4,44411.0844
Bhutan,BTN,2002,YR2002,35.16,23.4656032560823,43.6824569702148,96.7948684692383,18.9805852945797,2200,99.9586534660663,41668.09,91.2007608772782,2200.91,45688.314
Bhutan,BTN,2003,YR2003,36.36,24.5,41.1,97.4,17.7911022058292,2527,99.9169665098256,42173.91,91.9166611557926,2529.1,45882.76975
Bhutan,BTN,2004,YR2004,38.11,33.3262095049106,52.4204368591308,97.3256759643555,16.8307926066365,2353,99.923560387294,42982.92,93.452884471327,2354.8,45994.21435
Bhutan,BTN,2005,YR2005,39.58,43.6779645574234,59.8081116441343,96.776382762131,16.2143545406557,2646,99.943342776204,43207.91,91.6600827423875,2647.5,47139.28758
Bhutan,BTN,2006,YR2006,40.85,44.1397290997108,61.1817893981934,97.8798141479492,15.5068447461987,4519,99.9601840382233,44642.66,91.9213494576094,4520.8,48566.1495
Bhutan,BTN,2007,YR2007,41.81,60.3,71.8,98.73,13.7378906050228,6560,99.9695214873514,46698.63,92.1868266845302,6562,50656.511
Bhutan,BTN,2008,YR2008,43.54,55.8383683500876,70.0135040283203,98.4882659912109,13.6392183029328,6961,99.9985634454325,48451.87,91.9994765251437,6961.1,52665.37575
Bhutan,BTN,2009,YR2009,44.98,61.9150560036457,74.4616470336914,98.8059692382813,13.2003774667314,6998,99.998571040711,50356.78,92.606017618535,6998.1,54377.4382
Bhutan,BTN,2010,YR2010,46.33,62.4275782155272,73.2829108748978,99.3055555555555,12.5510916601707,7328,99.9959062811293,51448.39,90.8904179206477,7328.3,56604.8558
Bhutan,BTN,2011,YR2011,47.2,74.5484989295816,83.4089965820313,99.4480743408203,11.7594234696087,7067.2,99.9957552175451,52701.73,89.6053320733458,7067.5,58815.395
Bhutan,BTN,2012,YR2012,48.11,87.3,91.5,99.6,11.5600743387308,6826.5,99.997070326805,53467.95,88.0423063931459,6826.7,60729.83795
Bhutan,BTN,2013,YR2013,49.76,87.9805596580004,92.4044189453125,99.8921813964844,11.6454357357287,7639.64,99.9934556173054,54203.72,87.0378362103585,7640.14,62276.04265
Bhutan,BTN,2014,YR2014,50.65,95.0444366708553,96.9126434326172,99.974006652832,11.0601641482083,7003.36,99.9928610794619,55164.73,87.0256180016119,7003.86,63389.0701
Bhutan,BTN,2015,YR2015,51.75,97.4324637303705,98.4235229492188,99.9970550537109,10.4079225807329,7747.154,99.9935464335397,54615.38,86.9045483179462,7747.654,62845.24925
Bhutan,BTN,2016,YR2016,52.5,100,100,100,..,..,..,..,..,..,..
,,,,,,,,,,,,,,
,,,,,,,,,,,,,,
,,,,,,,,,,,,,,
Data from database: Sustainable Energy for All,,,,,,,,,,,,,,
Last Updated: 06/30/2018,,,,,,,,,,,,,,
